,,,,,,,,Tackles,,,,,Challenges,,,,Blocks,,,,,,,,-additional
Rk,Player,Nation,Pos,Squad,Age,Born,90s,Tkl,TklW,Def 3rd,Mid 3rd,Att 3rd,Tkl,Att,Tkl%,Lost,Blocks,Sh,Pass,Int,Tkl+Int,Clr,Err,Matches,-9999
1,Brenden Aaronson,us USA,MFFW,Leeds United,22-188,2000,25.5,43,17,15,21,7,13,41,31.7,28,41,3,38,5,48,6,1,Matches,5bc43860
2,Che Adams,sct SCO,FW,Southampton,26-289,1996,21.1,17,13,7,8,2,7,11,63.6,4,13,4,9,4,21,19,0,Matches,f2bf1b0f
3,Tyler Adams,us USA,MF,Leeds United,24-073,1999,24.0,89,46,44,35,10,50,77,64.9,27,48,8,40,35,124,29,0,Matches,2b09d998
4,Tosin Adarabioyo,eng ENG,DF,Fulham,25-216,1997,17.2,20,9,15,4,1,10,15,66.7,5,16,13,3,21,41,106,1,Matches,c81d773d
5,Nayef Aguerd,ma MAR,DF,West Ham,27-029,1996,13.7,20,14,14,6,0,11,15,73.3,4,19,18,1,14,34,58,2,Matches,288e1e13
6,Naouirou Ahamada,fr FRA,MFFW,Crystal Palace,21-030,2002,1.0,3,2,3,0,0,1,3,33.3,2,2,0,2,0,3,0,0,Matches,a6c58494
7,Rayan Aït Nouri,dz ALG,DF,Wolves,21-326,2001,11.5,33,20,25,7,1,9,14,64.3,5,3,0,3,9,42,27,0,Matches,9b398aea
8,Kristoffer Ajer,no NOR,DF,Brentford,25-011,1998,8.5,11,8,5,4,2,9,16,56.3,7,6,5,1,7,18,22,0,Matches,a8c0acb7
9,Manuel Akanji,ch SUI,DF,Manchester City,27-283,1995,21.6,32,22,14,15,3,19,31,61.3,12,25,8,17,14,46,29,0,Matches,89ac64a6
10,Nathan Aké,nl NED,DF,Manchester City,28-069,1995,18.7,22,8,13,7,2,9,13,69.2,4,17,9,8,18,40,38,0,Matches,eaeca114
11,Marc Albrighton,eng ENG,FWMF,Leicester City,33-161,1989,2.6,4,1,0,2,2,1,8,12.5,7,6,2,4,1,5,5,0,Matches,b827d5b3
12,Thiago Alcántara,es ESP,MF,Liverpool,32-017,1991,13.9,43,24,20,21,2,14,23,60.9,9,15,3,12,21,64,13,2,Matches,77e84962
13,Carlos Alcaraz,ar ARG,MFFW,Southampton,20-149,2002,7.2,5,3,0,4,1,3,12,25.0,9,11,4,7,1,6,9,0,Matches,4abac767
14,Trent Alexander-Arnold,eng ENG,DF,Liverpool,24-203,1998,26.5,50,35,28,14,8,36,63,57.1,27,24,6,18,39,89,33,2,Matches,cd1acf9d
15,Alisson,br BRA,GK,Liverpool,30-208,1992,32.0,0,0,0,0,0,0,3,0.0,3,3,0,3,0,0,15,0,Matches,7a2e46a8
16,Dele Alli,eng ENG,MF,Everton,27-017,1996,0.4,0,0,0,0,0,0,0,,0,0,0,0,0,0,0,0,Matches,cea4ee8f
17,Miguel Almirón,py PAR,FW,Newcastle Utd,29-077,1994,23.4,38,26,12,17,9,15,29,51.7,14,23,2,21,7,45,14,0,Matches,862a1c15
18,Julián Álvarez,ar ARG,FWMF,Manchester City,23-087,2000,10.2,16,10,2,8,6,3,17,17.6,14,11,0,11,1,17,5,0,Matches,15ab5a2b
19,Daniel Amartey,gh GHA,DF,Leicester City,28-128,1994,17.9,19,8,13,5,1,12,14,85.7,2,24,17,7,8,27,71,0,Matches,1a4ef233
20,Joachim Andersen,dk DEN,DF,Crystal Palace,26-332,1996,25.9,29,12,19,10,0,13,27,48.1,14,24,12,12,21,50,168,0,Matches,e34fc66d
21,Elliot Anderson,sct SCO,MFFW,Newcastle Utd,20-173,2002,2.4,9,5,5,2,2,5,9,55.6,4,8,1,7,4,13,0,0,Matches,de31038e
22,Jaidon Anthony,eng ENG,MFFW,Bournemouth,23-148,1999,12.3,28,16,14,8,6,7,22,31.8,15,22,1,21,9,37,16,0,Matches,e4238fb1
23,Michail Antonio,jm JAM,FW,West Ham,33-031,1990,16.9,13,7,1,7,5,3,8,37.5,5,12,4,8,5,18,5,0,Matches,ac05f970
24,Antony,br BRA,FW,Manchester Utd,23-063,2000,16.0,21,8,9,8,4,8,21,38.1,13,14,0,14,10,31,4,0,Matches,99127249
25,Cameron Archer,eng ENG,FWMF,Aston Villa,21-281,2001,0.5,0,0,0,0,0,0,0,,0,0,0,0,0,0,0,0,Matches,05e8ca6d
26,Alphonse Areola,fr FRA,GK,West Ham,30-060,1993,3.4,0,0,0,0,0,0,0,,0,0,0,0,0,0,0,0,Matches,2f965a72
27,Joe Aribo,ng NGA,MFFW,Southampton,26-281,1996,12.8,30,19,14,12,4,11,19,57.9,8,13,1,12,8,38,10,0,Matches,328f7d51
28,Adam Armstrong,eng ENG,FW,Southampton,26-077,1997,14.0,13,8,5,5,3,2,9,22.2,7,15,3,12,4,17,6,0,Matches,68c720b5
29,Stuart Armstrong,sct SCO,MFFW,Southampton,31-029,1992,12.7,26,17,10,13,3,13,34,38.2,21,15,0,15,8,34,7,0,Matches,97333cf5
30,Kepa Arrizabalaga,es ESP,GK,Chelsea,28-207,1994,23.5,2,2,2,0,0,2,3,66.7,1,0,0,0,0,2,15,2,Matches,28d596a0
31,Pierre-Emerick Aubameyang,ga GAB,FW,Chelsea,33-314,1989,5.7,1,0,1,0,0,0,1,0.0,1,2,0,2,2,3,4,2,Matches,d5dd5f1f
32,Ludwig Augustinsson,se SWE,DF,Aston Villa,29-007,1994,0.9,1,1,1,0,0,0,0,,0,0,0,0,0,1,1,0,Matches,9fec8860
33,Serge Aurier,ci CIV,DF,Nott'ham Forest,30-125,1992,16.9,52,35,34,15,3,18,26,69.2,8,29,9,20,25,77,57,0,Matches,5c2b4f07
34,Taiwo Awoniyi,ng NGA,FW,Nott'ham Forest,25-259,1997,11.4,13,9,1,9,3,5,8,62.5,3,15,4,11,3,16,12,0,Matches,e5478b87
35,Yasin Ayari,se SWE,MF,Brighton,19-204,2003,0.1,1,1,0,1,0,0,0,,0,0,0,0,0,1,0,0,Matches,f173303a
36,André Ayew,gh GHA,FWMF,Nott'ham Forest,33-132,1989,3.1,5,3,0,4,1,2,4,50.0,2,4,0,4,0,5,6,0,Matches,5dbefa9d
37,Jordan Ayew,gh GHA,FWMF,Crystal Palace,31-229,1991,25.2,60,39,21,19,20,19,45,42.2,26,31,2,29,15,75,29,0,Matches,da052c14
38,Luke Ayling,eng ENG,DF,Leeds United,31-246,1991,17.8,53,28,38,8,7,32,67,47.8,35,29,9,20,22,75,40,2,Matches,420d7c7d
39,César Azpilicueta,es ESP,DF,Chelsea,33-243,1989,12.8,28,17,17,7,4,16,22,72.7,6,20,4,16,16,44,44,0,Matches,53cad200
40,Benoît Badiashile,fr FRA,DF,Chelsea,22-033,2001,8.1,13,7,9,4,0,9,13,69.2,4,3,2,1,13,26,30,1,Matches,06df8256
41,Leon Bailey,jm JAM,FWMF,Aston Villa,25-262,1997,19.3,11,5,4,6,1,3,15,20.0,12,12,0,12,5,16,10,0,Matches,3a233281
42,Stefan Bajcetic,es ESP,MF,Liverpool,18-188,2004,5.8,9,6,5,3,1,8,27,29.6,19,7,0,7,9,18,4,0,Matches,32e8417f
43,Patrick Bamford,eng ENG,FW,Leeds United,29-235,1993,13.8,9,6,0,6,3,4,17,23.5,13,11,5,6,5,14,12,0,Matches,93feac6e
44,Shandon Baptiste,gd GRN,MF,Brentford,25-020,1998,6.1,12,8,5,5,2,7,16,43.8,9,8,1,7,7,19,9,0,Matches,2886c9b5
45,Harvey Barnes,eng ENG,FWMF,Leicester City,25-140,1997,26.2,22,13,8,11,3,10,36,27.8,26,28,1,27,7,29,9,0,Matches,3ea50f67
46,Gavin Bazunu,ie IRL,GK,Southampton,21-067,2002,32.0,1,0,1,0,0,1,1,100.0,0,0,0,0,1,2,24,2,Matches,c91441dc
47,Mads Bech Sørensen,dk DEN,DFMF,Brentford,24-111,1999,0.2,0,0,0,0,0,0,0,,0,0,0,0,1,1,1,0,Matches,30db8574
48,Jan Bednarek,pl POL,DF,Southampton,27-016,1996,13.6,22,16,16,6,0,10,13,76.9,3,26,18,8,39,61,51,0,Matches,4115ce4e
49,Jan Bednarek,pl POL,DF,Aston Villa,27-016,1996,1.1,3,3,0,3,0,1,1,100.0,0,3,1,2,2,5,5,0,Matches,4115ce4e
50,Donny van de Beek,nl NED,MF,Manchester Utd,26-010,1997,1.9,0,0,0,0,0,0,1,0.0,1,2,1,1,1,1,1,0,Matches,50dc94ce
51,Asmir Begović,ba BIH,GK,Everton,35-312,1987,1.0,0,0,0,0,0,0,0,,0,0,0,0,0,0,1,0,Matches,7b4de647
52,Armel Bella Kotchap,de GER,DF,Southampton,21-138,2001,19.5,34,15,25,9,0,13,17,76.5,4,28,12,16,43,77,97,0,Matches,a39d11bc
53,Saïd Benrahma,dz ALG,FWMF,West Ham,27-261,1995,20.4,20,11,8,6,6,8,24,33.3,16,16,1,15,9,29,12,0,Matches,5a04fd92
54,Rodrigo Bentancur,uy URU,MF,Tottenham,25-307,1997,16.7,45,28,15,21,9,16,28,57.1,12,28,15,13,20,65,22,0,Matches,3b8674e6
55,Victor Bernth Kristiansen,dk DEN,DF,Leicester City,20-133,2002,9.0,34,20,16,15,3,20,28,71.4,8,14,4,10,3,37,26,0,Matches,505486d6
56,Owen Bevan,wls WAL,DF,Bournemouth,19-184,2003,0.1,0,0,0,0,0,0,0,,0,0,0,0,0,0,0,0,Matches,87966294
57,Giulian Biancone,fr FRA,DF,Nott'ham Forest,23-028,2000,0.2,2,1,2,0,0,1,1,100.0,0,0,0,0,1,3,0,0,Matches,de40e38c
58,Philip Billing,dk DEN,MFFW,Bournemouth,26-321,1996,27.5,58,34,20,29,9,11,36,30.6,25,45,8,37,31,89,55,1,Matches,d328a254
59,Yves Bissouma,ml MLI,MF,Tottenham,26-241,1996,9.0,12,10,3,5,4,2,7,28.6,5,12,5,7,9,21,7,0,Matches,6c203af0
60,Willy Boly,ci CIV,DF,Nott'ham Forest,32-084,1991,6.6,13,6,8,3,2,8,13,61.5,5,11,4,7,12,25,38,0,Matches,a4ac4b8f
61,Sven Botman,nl NED,DF,Newcastle Utd,23-106,2000,28.7,33,21,28,5,0,19,25,76.0,6,40,21,19,30,63,104,2,Matches,ccce7025
62,Jarrod Bowen,eng ENG,FWMF,West Ham,26-129,1996,31.7,35,13,12,10,13,15,50,30.0,35,45,8,37,33,68,19,0,Matches,79c84d1c
63,James Bree,eng ENG,DF,Southampton,25-199,1997,2.2,3,1,2,1,0,1,1,100.0,0,2,1,1,4,7,4,0,Matches,c07b7c5c
64,Armando Broja,al ALB,FW,Chelsea,21-230,2001,3.3,4,1,0,3,1,1,1,100.0,0,10,1,9,1,5,1,0,Matches,97220da2
65,David Brooks,wls WAL,DFFW,Bournemouth,25-294,1997,0.3,1,0,1,0,0,0,0,,0,0,0,0,0,1,2,0,Matches,dc4cae05
66,Lewis Brunt,eng ENG,DF,Leicester City,22-173,2000,0.3,0,0,0,0,0,0,0,,0,0,0,0,0,0,2,0,Matches,a2081c6b
67,Bryan,es ESP,MFFW,Tottenham,22-076,2001,1.6,3,1,3,0,0,0,3,0.0,3,3,0,3,1,4,1,0,Matches,7b5ab7f2
68,Emi Buendía,ar ARG,MFFW,Aston Villa,26-124,1996,23.8,51,22,19,20,12,20,68,29.4,48,18,1,17,20,71,14,0,Matches,66b76d44
69,Hugo Bueno,es ESP,DF,Wolves,20-222,2002,12.7,30,15,22,4,4,17,30,56.7,13,13,1,12,9,39,34,0,Matches,bfc3b3a0
70,Facundo Buonanotte,ar ARG,MFFW,Brighton,18-126,2004,1.6,1,0,0,1,0,0,4,0.0,4,0,0,0,0,1,2,0,Matches,468a7a91
71,Dan Burn,eng ENG,DF,Newcastle Utd,30-354,1992,29.5,50,33,26,17,7,28,54,51.9,26,39,14,25,27,77,112,2,Matches,b2d31e83
72,Cafú,pt POR,MF,Nott'ham Forest,30-061,1993,0.1,0,0,0,0,0,0,0,,0,0,0,0,0,0,1,0,Matches,85322440
73,Moisés Caicedo,ec ECU,MF,Brighton,21-177,2001,28.1,91,47,35,45,11,36,58,62.1,22,31,4,27,45,136,25,3,Matches,16264a81
74,Tom Cairney,sct SCO,MF,Fulham,32-098,1991,6.4,13,4,2,6,5,6,7,85.7,1,12,2,10,3,16,2,0,Matches,a8748947
75,Duje Ćaleta-Car,hr CRO,DF,Southampton,26-223,1996,10.5,14,10,9,4,1,6,9,66.7,3,15,11,4,15,29,65,1,Matches,94f8d10c
76,Dominic Calvert-Lewin,eng ENG,FW,Everton,26-043,1997,10.0,3,1,1,0,2,1,4,25.0,3,4,0,4,2,5,10,0,Matches,59e6e5bf
77,Chem Campbell,wls WAL,FWMF,Wolves,20-119,2002,0.8,2,1,1,1,0,0,1,0.0,1,2,0,2,1,3,0,0,Matches,6f711f67
78,João Cancelo,pt POR,DF,Manchester City,28-336,1994,14.2,29,21,16,9,4,17,24,70.8,7,7,1,6,19,48,9,1,Matches,bd6351cd
79,Thomas Cannon,ie IRL,FW,Everton,20-121,2002,0.3,0,0,0,0,0,0,0,,0,0,0,0,0,0,0,0,Matches,4506aec5
80,Sergi Canós,es ESP,FWDF,Brentford,26-085,1997,0.9,0,0,0,0,0,0,2,0.0,2,3,1,2,0,0,1,0,Matches,1137759d
81,Diego Carlos,br BRA,DF,Aston Villa,30-044,1993,2.0,1,0,0,1,0,0,1,0.0,1,2,2,0,1,2,2,0,Matches,b4a014b1
82,Fabio Carvalho,pt POR,MFFW,Liverpool,20-241,2002,3.8,8,8,3,3,2,3,6,50.0,3,6,0,6,5,13,0,0,Matches,966e28d0
83,Casemiro,br BRA,MF,Manchester Utd,31-064,1992,16.9,61,31,30,23,8,32,58,55.2,26,34,8,26,27,88,52,0,Matches,4d224fe8
84,Matty Cash,pl POL,DF,Aston Villa,25-264,1997,18.2,48,28,33,11,4,22,32,68.8,10,18,4,14,24,72,40,0,Matches,2389cdc2
85,Timothy Castagne,be BEL,DF,Leicester City,27-144,1995,31.2,79,42,49,24,6,39,74,52.7,35,44,11,33,39,118,90,0,Matches,197640fd
86,Jonny Castro,es ESP,DF,Wolves,29-056,1994,14.0,34,15,23,10,1,18,37,48.6,19,26,5,21,14,48,28,2,Matches,e28868f3
87,Julio César Enciso,py PAR,FWMF,Brighton,19-095,2004,3.7,3,0,0,3,0,2,4,50.0,2,2,0,2,2,5,2,0,Matches,9cfbad36
88,Nathaniel Chalobah,eng ENG,MF,Fulham,28-137,1994,0.1,1,1,1,0,0,1,1,100.0,0,0,0,0,0,1,2,0,Matches,422862ea
89,Trevoh Chalobah,eng ENG,DF,Chelsea,23-297,1999,13.3,23,14,15,5,3,16,25,64.0,9,9,3,6,20,43,44,1,Matches,5515376c
90,Calum Chambers,eng ENG,DFMF,Aston Villa,28-098,1995,3.6,8,6,6,2,0,6,8,75.0,2,5,4,1,7,15,10,1,Matches,dc6f5bdd
91,Ben Chilwell,eng ENG,DFMF,Chelsea,26-128,1996,13.8,21,17,12,8,1,13,24,54.2,11,20,1,19,17,38,21,0,Matches,d2424d1b
92,Ryan Christie,sct SCO,MFFW,Bournemouth,28-065,1995,16.4,31,21,10,21,0,13,38,34.2,25,14,2,12,23,54,16,0,Matches,26ce2263
93,Carney Chukwuemeka,eng ENG,MFFW,Chelsea,19-190,2003,2.6,11,6,6,5,0,2,4,50.0,2,4,0,4,4,15,1,0,Matches,b2f9c73e
94,Bobby Clark,eng ENG,MF,Liverpool,18-080,2005,0.1,0,0,0,0,0,0,0,,0,2,0,2,0,0,0,0,Matches,73341ace
95,Nathaniel Clyne,eng ENG,DF,Crystal Palace,32-023,1991,18.2,27,16,13,9,5,14,23,60.9,9,22,4,18,19,46,34,0,Matches,0442183b
96,Conor Coady,eng ENG,DF,Everton,30-062,1993,21.9,14,9,8,6,0,7,15,46.7,8,20,16,4,14,28,85,3,Matches,2928dca2
97,Jack Colback,eng ENG,MF,Nott'ham Forest,33-186,1989,5.5,18,13,12,6,0,5,8,62.5,3,3,0,3,3,21,9,0,Matches,963a9201
98,Séamus Coleman,ie IRL,DF,Everton,34-199,1988,17.9,35,26,21,10,4,19,29,65.5,10,14,7,7,21,56,58,2,Matches,0420d84f
99,Nathan Collins,ie IRL,DF,Wolves,21-363,2001,17.6,25,14,18,7,0,14,23,60.9,9,26,21,5,21,46,72,0,Matches,a8c19eb8
100,Levi Colwill,eng ENG,DF,Brighton,20-061,2003,8.9,3,3,1,2,0,2,6,33.3,4,3,1,2,9,12,22,1,Matches,700783e7
101,Lewis Cook,eng ENG,MF,Bournemouth,26-084,1997,17.4,36,22,9,22,5,17,36,47.2,19,25,9,16,21,57,27,0,Matches,2afc7272
102,Steve Cook,eng ENG,DF,Nott'ham Forest,32-009,1991,10.6,8,4,4,4,0,5,7,71.4,2,16,11,5,12,20,51,0,Matches,3e5e4e63
103,Liam Cooper,sct SCO,DF,Leeds United,31-241,1991,14.5,34,22,25,8,1,19,30,63.3,11,12,6,6,31,65,54,3,Matches,dc64b8b3
104,Maxwel Cornet,ci CIV,FW,West Ham,26-213,1996,1.8,5,2,3,0,2,3,3,100.0,0,2,0,2,1,6,0,0,Matches,beb391dd
105,Diego Costa,es ESP,FW,Wolves,34-203,1988,11.3,3,1,3,0,0,2,7,28.6,5,6,1,5,2,5,16,0,Matches,a190d597
106,Vladimír Coufal,cz CZE,DF,West Ham,30-249,1992,20.1,47,25,31,11,5,30,42,71.4,12,23,5,18,33,80,56,0,Matches,fdf3cb77
107,Philippe Coutinho,br BRA,MFFW,Aston Villa,30-320,1992,8.8,19,14,8,8,3,9,15,60.0,6,11,1,10,4,23,2,0,Matches,0ef89a37
108,Conor Coventry,ie IRL,MFFW,West Ham,23-034,2000,0.0,0,0,0,0,0,0,0,,0,0,0,0,0,0,0,0,Matches,a5ca9127
109,Aaron Cresswell,eng ENG,DF,West Ham,33-134,1989,21.6,19,9,11,7,1,10,25,40.0,15,19,9,10,25,44,49,0,Matches,4f974391
110,Marc Cucurella,es ESP,DF,Chelsea,24-280,1998,18.6,66,33,40,15,11,30,60,50.0,30,28,8,20,16,82,48,1,Matches,1daec722
111,Matheus Cunha,br BRA,FW,Wolves,23-336,1999,9.3,5,2,0,4,1,1,8,12.5,7,13,3,10,7,12,7,0,Matches,dc62b55d
112,Patson Daka,zm ZAM,FW,Leicester City,24-201,1998,12.0,11,7,4,7,0,3,11,27.3,8,11,2,9,5,16,6,0,Matches,ca45605e
113,Diogo Dalot,pt POR,DF,Manchester Utd,24-041,1999,20.9,49,37,36,12,1,30,42,71.4,12,24,7,17,32,81,47,2,Matches,d9565625
114,Mikkel Damsgaard,dk DEN,MFFW,Brentford,22-299,2000,8.1,21,15,9,9,3,9,35,25.7,26,14,1,13,9,30,12,0,Matches,215f3907
115,Danilo,br BRA,MF,Nott'ham Forest,21-364,2001,7.1,12,5,5,5,2,3,17,17.6,14,17,5,12,4,16,15,0,Matches,a816dbfb
116,Arnaut Danjuma,nl NED,FWMF,Tottenham,26-087,1997,1.0,2,0,1,1,0,0,0,,0,1,0,1,0,2,0,0,Matches,f08490a6
117,Josh Dasilva,eng ENG,MF,Brentford,24-187,1998,14.5,18,9,6,6,6,6,15,40.0,9,22,6,16,4,22,7,1,Matches,60344e4f
118,Ben Davies,wls WAL,DF,Tottenham,30-004,1993,20.5,17,8,7,9,1,8,17,47.1,9,15,6,9,16,33,60,0,Matches,44781702
119,Tom Davies,eng ENG,MF,Everton,24-302,1998,6.0,15,9,5,9,1,7,14,50.0,7,10,1,9,4,19,7,1,Matches,9228b07c
120,Craig Dawson,eng ENG,DF,West Ham,32-357,1990,8.0,10,6,8,2,0,4,6,66.7,2,9,6,3,6,16,26,0,Matches,3e9e06cb
121,Craig Dawson,eng ENG,DF,Wolves,32-357,1990,12.2,8,5,6,2,0,4,7,57.1,3,23,18,5,6,14,60,1,Matches,3e9e06cb
122,Kevin De Bruyne,be BEL,MF,Manchester City,31-304,1991,25.1,25,10,3,11,11,12,37,32.4,25,25,2,23,7,32,10,0,Matches,e46012d4
123,Siriki Dembélé,ci CIV,FWMF,Bournemouth,26-233,1996,1.2,3,1,2,1,0,0,1,0.0,1,1,0,1,1,4,1,0,Matches,11f54bd5
124,Leander Dendoncker,be BEL,MF,Aston Villa,28-013,1995,7.0,18,8,10,6,2,11,21,52.4,10,15,4,11,8,26,11,0,Matches,5a7301ae
125,Leander Dendoncker,be BEL,MF,Wolves,28-013,1995,2.4,4,2,0,3,1,2,3,66.7,1,2,0,2,9,13,4,0,Matches,5a7301ae
126,Emmanuel Dennis,ng NGA,FWMF,Nott'ham Forest,25-164,1997,7.8,16,11,5,5,6,8,17,47.1,9,13,1,12,2,18,6,0,Matches,2c44a35d
127,Halil Dervişoğlu,tr TUR,MF,Brentford,23-141,1999,0.1,0,0,0,0,0,0,1,0.0,1,0,0,0,0,0,0,0,Matches,9d8cf204
128,Kiernan Dewsbury-Hall,eng ENG,MF,Leicester City,24-234,1998,24.7,51,28,14,32,5,18,45,40.0,27,55,13,42,27,78,21,0,Matches,5c74c0f5
129,Ibrahima Diallo,fr FRA,MF,Southampton,24-051,1999,9.1,25,15,14,10,1,8,14,57.1,6,11,1,10,6,31,11,0,Matches,11ff3d56
130,Rúben Dias,pt POR,DF,Manchester City,25-349,1997,19.2,19,11,9,9,1,9,14,64.3,5,19,11,8,18,37,48,1,Matches,31c69ef1
131,Luis Díaz,co COL,FW,Liverpool,26-105,1997,7.4,12,8,2,8,2,4,8,50.0,4,6,0,6,2,14,0,0,Matches,4a1a9578
132,Eric Dier,eng ENG,DF,Tottenham,29-103,1994,30.3,28,18,15,11,2,8,18,44.4,10,39,24,15,34,62,106,2,Matches,ac861941
133,Lucas Digne,fr FRA,DF,Aston Villa,29-282,1993,14.9,26,10,18,8,0,17,29,58.6,12,16,5,11,15,41,37,0,Matches,1b84dbe1
134,Issa Diop,fr FRA,DF,Fulham,26-109,1997,16.7,23,16,15,7,1,12,24,50.0,12,20,14,6,27,50,54,0,Matches,a712ca2b
135,Moussa Djenepo,ml MLI,DFFW,Southampton,24-317,1998,7.0,17,9,11,5,1,9,21,42.9,12,15,2,13,11,28,6,0,Matches,254147d4
136,Ben Doak,sct SCO,FW,Liverpool,17-168,2005,0.3,3,2,1,2,0,1,1,100.0,0,1,0,1,0,3,0,0,Matches,733f1a7d
137,Matt Doherty,ie IRL,DFMF,Tottenham,31-102,1992,7.4,16,10,12,3,1,8,10,80.0,2,11,6,5,8,24,14,1,Matches,d557d734
138,Gabriel Dos Santos,br BRA,DF,Arsenal,25-130,1997,32.9,44,28,27,13,4,18,27,66.7,9,43,25,18,26,70,116,2,Matches,67ac5bb8
139,Abdoulaye Doucouré,ml MLI,MF,Everton,30-117,1993,12.0,21,13,7,10,4,10,30,33.3,20,22,3,19,10,31,7,0,Matches,02b29014
140,Cheick Doucouré,ml MLI,MF,Crystal Palace,23-110,2000,26.1,72,44,39,30,3,29,51,56.9,22,38,11,27,52,124,39,0,Matches,ce4f40c7
141,Flynn Downes,eng ENG,MF,West Ham,24-098,1999,5.5,11,7,3,7,1,3,6,50.0,3,11,1,10,4,15,3,0,Matches,69fdb896
142,Cody Drameh,eng ENG,DF,Leeds United,21-141,2001,0.8,5,4,0,4,1,2,3,66.7,1,0,0,0,1,6,1,0,Matches,e0d1510a
143,Martin Dúbravka,sk SVK,GK,Newcastle Utd,34-103,1989,0.7,0,0,0,0,0,0,1,0.0,1,0,0,0,0,0,0,0,Matches,3a949a25
144,Shane Duffy,ie IRL,FWDF,Fulham,31-117,1992,0.1,0,0,0,0,0,0,0,,0,0,0,0,0,0,0,0,Matches,7314bba4
145,Lewis Dunk,eng ENG,DF,Brighton,31-158,1991,30.0,23,14,16,5,2,11,23,47.8,12,30,21,9,28,51,72,0,Matches,282f75f3
146,Jhon Durán,co COL,FW,Aston Villa,19-136,2003,0.9,0,0,0,0,0,0,1,0.0,1,0,0,0,1,1,1,0,Matches,414184f7
147,Malcolm Ebiowei,eng ENG,MFFW,Crystal Palace,19-236,2003,0.4,1,1,1,0,0,0,1,0.0,1,2,0,2,0,1,0,0,Matches,fa9fa773
148,Ederson,br BRA,GK,Manchester City,29-254,1993,31.0,2,1,2,0,0,1,2,50.0,1,0,0,0,1,3,9,2,Matches,3bb7b8b4
149,Odsonne Édouard,fr FRA,FW,Crystal Palace,25-102,1998,17.8,24,13,7,12,5,7,11,63.6,4,16,5,11,3,27,22,0,Matches,0562b7f1
150,Samuel Edozie,eng ENG,FWMF,Southampton,20-090,2003,6.1,16,9,5,10,1,3,8,37.5,5,7,0,7,6,22,6,0,Matches,007414dd
151,Anthony Elanga,se SWE,FW,Manchester Utd,21-001,2002,4.7,3,0,0,2,1,1,2,50.0,1,4,0,4,2,5,4,0,Matches,2fba6108
152,Harvey Elliott,eng ENG,MFFW,Liverpool,20-024,2003,16.6,22,14,6,10,6,6,29,20.7,23,25,1,24,14,36,7,0,Matches,c8387671
153,Mohamed Elneny,eg EGY,MF,Arsenal,30-291,1992,1.3,1,1,1,0,0,1,1,100.0,0,0,0,0,0,1,0,0,Matches,47a34c4f
154,Mohamed Elyounoussi,no NOR,MFFW,Southampton,28-267,1994,22.2,43,26,19,20,4,18,42,42.9,24,37,3,34,26,69,36,0,Matches,68dc0dac
155,Emerson,br BRA,DF,Tottenham,24-104,1999,15.5,42,26,28,11,3,20,32,62.5,12,15,3,12,12,54,58,0,Matches,df8b52a5
156,Christian Eriksen,dk DEN,MF,Manchester Utd,31-073,1992,18.2,14,11,8,3,3,6,23,26.1,17,21,8,13,10,24,18,1,Matches,980522ec
157,Pervis Estupiñán,ec ECU,DF,Brighton,25-097,1998,22.2,48,25,28,14,6,29,46,63.0,17,22,6,16,34,82,29,1,Matches,d38fdf53
158,Jonny Evans,nir NIR,DF,Leicester City,35-115,1988,9.0,10,4,10,0,0,6,10,60.0,4,6,5,1,16,26,33,0,Matches,f8fcd2a5
159,Eberechi Eze,eng ENG,MFFW,Crystal Palace,24-303,1998,24.3,38,23,15,17,6,14,32,43.8,18,21,0,21,9,47,8,0,Matches,ae4fc6a4
160,Łukasz Fabiański,pl POL,GK,West Ham,38-010,1985,28.6,2,0,2,0,0,1,2,50.0,1,0,0,0,0,2,8,1,Matches,9328b835
161,Fabinho,br BRA,MF,Liverpool,29-187,1993,24.2,53,31,16,33,4,19,50,38.0,31,33,11,22,32,85,30,0,Matches,7f3b388c
162,Wout Faes,be BEL,DF,Leicester City,25-025,1998,26.0,48,28,23,23,2,24,39,61.5,15,48,34,14,36,84,84,2,Matches,9c221d14
163,Felipe,br BRA,DF,Nott'ham Forest,33-347,1989,11.9,31,17,19,12,0,19,32,59.4,13,28,10,18,27,58,66,0,Matches,51a3c4c8
164,João Félix,pt POR,FWMF,Chelsea,23-169,1999,8.9,14,7,5,6,3,4,11,36.4,7,3,0,3,1,15,0,1,Matches,8aafd64f
165,Evan Ferguson,ie IRL,FW,Brighton,18-191,2004,6.7,6,3,1,3,2,1,5,20.0,4,9,1,8,1,7,4,0,Matches,4596da74
166,Bruno Fernandes,pt POR,MFFW,Manchester Utd,28-232,1994,30.0,58,35,21,22,15,27,57,47.4,30,29,5,24,20,78,39,1,Matches,507c7bdf
167,Enzo Fernández,ar ARG,MF,Chelsea,22-101,2001,11.4,35,22,21,12,2,15,43,34.9,28,25,2,23,12,47,11,0,Matches,5ff4ab71
168,Roberto Firmino,br BRA,FWMF,Liverpool,31-208,1991,12.6,16,12,2,11,3,3,17,17.6,14,15,1,14,6,22,2,0,Matches,4c370d81
169,Junior Firpo,es ESP,DF,Leeds United,26-249,1996,12.9,40,22,23,12,5,21,40,52.5,19,20,7,13,20,60,35,0,Matches,24f59bb2
170,Phil Foden,eng ENG,FW,Manchester City,22-335,2000,15.7,14,8,8,4,2,7,13,53.8,6,17,1,16,5,19,8,0,Matches,ed1e53f3
171,Datro Fofana,ci CIV,FW,Chelsea,20-127,2002,0.7,2,1,0,1,1,0,0,,0,1,0,1,0,2,0,0,Matches,e82900ef
172,Wesley Fofana,fr FRA,DF,Leicester City,22-132,2000,2.0,4,2,1,2,1,1,3,33.3,2,1,1,0,9,13,5,0,Matches,132a82f1
173,Wesley Fofana,fr FRA,DF,Chelsea,22-132,2000,9.7,25,16,15,6,4,11,20,55.0,9,11,6,5,18,43,28,0,Matches,132a82f1
174,Pablo Fornals,es ESP,FWMF,West Ham,27-065,1996,12.5,23,9,7,8,8,9,29,31.0,20,14,2,12,12,35,8,0,Matches,82927de4
175,Adam Forshaw,eng ENG,MF,Leeds United,31-202,1991,2.0,3,2,1,2,0,2,7,28.6,5,3,0,3,1,4,2,0,Matches,9f1938ab
176,Fraser Forster,eng ENG,GK,Tottenham,35-042,1988,8.5,0,0,0,0,0,0,0,,0,0,0,0,0,0,3,0,Matches,c3e39f12
177,Tyrese Francois,au AUS,FW,Fulham,22-286,2000,0.0,0,0,0,0,0,0,0,,0,0,0,0,0,0,1,0,Matches,6722d4f0
178,Ryan Fraser,sct SCO,FW,Newcastle Utd,29-063,1994,3.5,2,2,0,0,2,2,5,40.0,3,3,1,2,0,2,3,0,Matches,d56543a0
179,Fred,br BRA,MF,Manchester Utd,30-054,1993,11.7,40,25,22,15,3,10,33,30.3,23,33,1,32,15,55,15,0,Matches,b853e0ad
180,Ryan Fredericks,eng ENG,DF,Bournemouth,30-200,1992,5.9,3,2,2,0,1,1,4,25.0,3,7,2,5,1,4,27,0,Matches,c067631c
181,Remo Freuler,ch SUI,MF,Nott'ham Forest,31-013,1992,24.0,43,23,23,15,5,19,43,44.2,24,36,9,27,29,72,45,0,Matches,98d2c2c4
182,Cody Gakpo,nl NED,FW,Liverpool,23-356,1999,11.7,13,7,3,6,4,5,22,22.7,17,8,1,7,4,17,1,0,Matches,1971591f
183,Conor Gallagher,eng ENG,MFFW,Chelsea,23-081,2000,13.4,35,24,15,12,8,8,26,30.8,18,33,8,25,18,53,17,0,Matches,c2731c10
184,Idrissa Gana Gueye,sn SEN,MF,Everton,33-214,1989,24.2,83,48,43,30,10,24,49,49.0,25,44,10,34,50,133,30,3,Matches,72c812f3
185,Alejandro Garnacho,es ESP,FWMF,Manchester Utd,18-301,2004,5.0,3,1,0,0,3,1,8,12.5,7,5,0,5,4,7,2,0,Matches,7aa8adfe
186,James Garner,eng ENG,MF,Everton,22-046,2001,4.1,10,8,1,7,2,4,11,36.4,7,4,0,4,7,17,2,0,Matches,4e015693
187,David de Gea,es ESP,GK,Manchester Utd,32-172,1990,31.0,0,0,0,0,0,0,0,,0,0,0,0,0,0,12,1,Matches,7ba6d84e
188,Joe Gelhardt,eng ENG,FW,Leeds United,20-359,2002,2.4,6,2,1,3,2,3,5,60.0,2,5,0,5,0,6,4,0,Matches,01962d0d
189,Saman Ghoddos,ir IRN,MFDF,Brentford,29-234,1993,1.3,2,1,0,1,1,1,3,33.3,2,4,1,3,4,6,2,0,Matches,f7b1d4e0
190,Morgan Gibbs-White,eng ENG,FWMF,Wolves,23-091,2000,2.0,3,1,3,0,0,2,3,66.7,1,2,0,2,1,4,3,0,Matches,32f60ed8
191,Morgan Gibbs-White,eng ENG,MFFW,Nott'ham Forest,23-091,2000,28.0,22,11,6,5,11,9,28,32.1,19,20,3,17,12,34,12,0,Matches,32f60ed8
192,Billy Gilmour,sct SCO,MF,Brighton,21-321,2001,1.8,1,0,0,1,0,1,7,14.3,6,1,0,1,1,2,3,0,Matches,df10e27c
193,Degnand Gnonto,it ITA,FWMF,Leeds United,19-174,2003,12.4,23,15,6,12,5,9,25,36.0,16,18,1,17,4,27,7,0,Matches,75fdd638
194,Ben Godfrey,eng ENG,DF,Everton,25-103,1998,8.9,20,11,13,5,2,11,29,37.9,18,12,6,6,8,28,33,1,Matches,9f7c837d
195,João Gomes,br BRA,MFFW,Wolves,22-075,2001,4.8,24,11,11,12,1,11,17,64.7,6,11,3,8,3,27,10,0,Matches,8b57ad2c
196,Toti Gomes,pt POR,DF,Wolves,24-102,1999,7.5,9,6,6,3,0,5,7,71.4,2,14,7,7,8,17,39,0,Matches,f0caab96
197,Joe Gomez,eng ENG,DF,Liverpool,25-340,1997,15.3,28,21,15,11,2,11,19,57.9,8,16,11,5,22,50,50,2,Matches,7a11550b
198,Sergio Gómez,es ESP,DFMF,Manchester City,22-236,2000,1.9,5,2,3,1,1,2,4,50.0,2,5,3,2,2,7,5,0,Matches,01e5f06e
199,Anthony Gordon,eng ENG,FWMF,Newcastle Utd,22-063,2001,3.8,11,9,4,5,2,7,16,43.8,9,6,0,6,1,12,0,1,Matches,2bd83368
200,Anthony Gordon,eng ENG,FW,Everton,22-063,2001,12.2,34,22,17,10,7,8,23,34.8,15,19,0,19,4,38,11,0,Matches,2bd83368
201,Demarai Gray,eng ENG,FWMF,Everton,26-304,1996,26.2,29,21,7,13,9,15,28,53.6,13,21,3,18,11,40,18,0,Matches,4468ec10
202,Jack Grealish,eng ENG,FW,Manchester City,27-230,1995,20.7,24,15,10,11,3,13,20,65.0,7,16,2,14,7,31,7,0,Matches,b0b4fd3e
203,Sam Greenwood,eng ENG,MFFW,Leeds United,21-092,2002,3.8,11,7,7,4,0,5,15,33.3,10,9,2,7,1,12,1,0,Matches,f3354c07
204,Pascal Groß,de GER,MFDF,Brighton,31-317,1991,29.2,48,30,18,24,6,22,47,46.8,25,26,8,18,12,60,15,1,Matches,8aec0537
205,Vicente Guaita,es ESP,GK,Crystal Palace,36-108,1987,27.0,0,0,0,0,0,0,0,,0,0,0,0,0,0,9,1,Matches,ab13a5aa
206,Gonçalo Guedes,pt POR,FWMF,Wolves,26-150,1996,7.9,8,6,4,3,1,5,8,62.5,3,4,0,4,1,9,2,0,Matches,e6bc67d7
207,Marc Guéhi,eng ENG,DF,Crystal Palace,22-289,2000,32.0,46,23,36,9,1,22,38,57.9,16,43,23,20,40,86,120,3,Matches,d0706b27
208,Bruno Guimarães,br BRA,MF,Newcastle Utd,25-163,1997,24.3,63,30,23,35,5,27,50,54.0,23,25,4,21,27,90,16,1,Matches,82518f62
209,İlkay Gündoğan,de GER,MF,Manchester City,32-186,1990,22.3,26,16,6,10,10,11,28,39.3,17,16,3,13,19,45,12,0,Matches,819b3158
210,Darko Gyabi,eng ENG,FW,Leeds United,19-069,2004,0.1,2,2,1,1,0,0,0,,0,2,0,2,0,2,0,0,Matches,56d838f7
211,Erling Haaland,no NOR,FW,Manchester City,22-281,2000,25.7,3,2,0,2,1,1,5,20.0,4,11,4,7,2,5,11,0,Matches,1f44ac21
212,Lewis Hall,eng ENG,DFMF,Chelsea,18-232,2004,3.4,11,3,10,1,0,8,12,66.7,4,4,0,4,10,21,5,1,Matches,da011f18
213,Luke Harris,wls WAL,MFFW,Fulham,18-025,2005,0.1,0,0,0,0,0,0,0,,0,0,0,0,0,0,0,0,Matches,8c3078cd
214,Jack Harrison,eng ENG,FWMF,Leeds United,26-159,1996,26.0,39,17,4,15,20,12,46,26.1,34,40,1,39,21,60,19,0,Matches,aa849a12
215,Kai Havertz,de GER,FWMF,Chelsea,23-321,1999,24.6,33,15,4,19,10,9,28,32.1,19,27,0,27,7,40,37,0,Matches,fed7cb61
216,Jan Paul van Hecke,nl NED,DF,Brighton,22-324,2000,1.0,2,1,1,1,0,1,1,100.0,0,0,0,0,4,6,3,0,Matches,4fd08daa
217,Hwang Hee-chan,kr KOR,FWMF,Wolves,27-092,1996,9.8,18,9,7,8,3,6,18,33.3,12,13,0,13,3,21,4,0,Matches,169fd162
218,Dean Henderson,eng ENG,GK,Nott'ham Forest,26-047,1997,18.0,0,0,0,0,0,0,0,,0,0,0,0,0,0,12,1,Matches,e5a76dfe
219,Jordan Henderson,eng ENG,MF,Liverpool,32-315,1990,19.6,26,18,10,12,4,11,25,44.0,14,19,3,16,20,46,14,0,Matches,935e6b8f
220,Wayne Hennessey,wls WAL,GK,Nott'ham Forest,36-094,1987,2.0,1,0,1,0,0,1,1,100.0,0,0,0,0,0,1,1,0,Matches,76eca7e2
221,Rico Henry,eng ENG,DF,Brentford,25-294,1997,31.5,54,29,19,27,8,22,38,57.9,16,26,7,19,25,79,73,1,Matches,8a3c1dc7
222,Son Heung-min,kr KOR,MFFW,Tottenham,30-294,1992,27.3,21,10,6,8,7,8,24,33.3,16,21,2,19,10,31,5,0,Matches,92e7e919
223,Aaron Hickey,sct SCO,DF,Brentford,20-322,2002,16.6,35,23,24,11,0,18,31,58.1,13,13,6,7,17,52,26,0,Matches,1780bb4a
224,Joseph Hodge,ie IRL,MF,Wolves,20-226,2002,1.9,5,2,1,3,1,3,4,75.0,1,5,0,5,0,5,2,1,Matches,bd8a5d95
225,Rob Holding,eng ENG,DF,Arsenal,27-220,1995,6.2,8,5,4,4,0,3,6,50.0,3,6,5,1,3,11,26,1,Matches,d79a8c87
226,Mason Holgate,eng ENG,DF,Everton,26-188,1996,4.9,11,7,8,3,0,3,9,33.3,6,7,3,4,7,18,26,0,Matches,d0042ab9
227,Will Hughes,eng ENG,MF,Crystal Palace,28-011,1995,6.3,22,12,10,11,1,9,16,56.3,7,10,5,5,10,32,4,0,Matches,a0666d3e
228,Omari Hutchinson,eng ENG,FW,Chelsea,19-180,2003,0.3,0,0,0,0,0,0,0,,0,0,0,0,1,1,0,0,Matches,bd9553e6
229,Pierre Højbjerg,dk DEN,MF,Tottenham,27-266,1995,31.8,49,26,24,20,5,23,60,38.3,37,46,17,29,45,94,62,1,Matches,8b04d6c1
230,Kelechi Iheanacho,ng NGA,FWMF,Leicester City,26-207,1996,11.2,7,2,0,3,4,3,9,33.3,6,6,1,5,0,7,8,0,Matches,c92e1a31
231,Danny Ings,eng ENG,FW,West Ham,30-279,1992,5.9,5,4,0,3,2,2,8,25.0,6,5,2,3,3,8,4,0,Matches,07802f7f
232,Danny Ings,eng ENG,FW,Aston Villa,30-279,1992,9.2,10,5,1,6,3,1,6,16.7,5,12,1,11,1,11,11,0,Matches,07802f7f
233,Alexander Isak,se SWE,FW,Newcastle Utd,23-219,1999,11.0,11,5,1,5,5,6,20,30.0,14,16,1,15,2,13,7,0,Matches,8e92be30
234,Daniel Iversen,dk DEN,GK,Leicester City,25-283,1997,7.0,0,0,0,0,0,0,0,,0,0,0,0,0,0,4,0,Matches,10d221cd
235,Alex Iwobi,ng NGA,MFFW,Everton,26-360,1996,32.5,62,36,34,25,3,30,56,53.6,26,34,2,32,20,82,25,0,Matches,6ca5ec4b
236,Daniel James,wls WAL,FW,Leeds United,25-169,1997,2.2,6,2,1,3,2,3,6,50.0,3,4,0,4,2,8,2,0,Matches,c931d9f9
237,Daniel James,wls WAL,FW,Fulham,25-169,1997,6.5,9,5,4,4,1,4,8,50.0,4,5,1,4,1,10,5,0,Matches,c931d9f9
238,Reece James,eng ENG,DFMF,Chelsea,23-141,1999,13.8,31,20,10,18,3,15,19,78.9,4,17,2,15,12,43,23,0,Matches,1265a93a
239,Vitaly Janelt,de GER,MFDF,Brentford,24-353,1998,19.9,49,25,20,21,8,18,42,42.9,24,22,8,14,24,73,24,0,Matches,8449d35e
240,Pontus Jansson,se SWE,DF,Brentford,32-074,1991,8.0,5,3,4,1,0,3,5,60.0,2,13,9,4,9,14,38,0,Matches,172e52d8
241,Mathias Jensen,dk DEN,MF,Brentford,27-117,1996,27.9,65,31,26,28,11,32,92,34.8,60,50,5,45,30,95,22,1,Matches,0f134faf
242,Gabriel Jesus,br BRA,FW,Arsenal,26-025,1997,18.1,26,21,13,7,6,11,22,50.0,11,18,2,16,9,35,10,1,Matches,b66315ae
243,Raúl Jiménez,mx MEX,FW,Wolves,31-358,1991,8.3,9,6,3,5,1,3,5,60.0,2,9,0,9,0,9,8,0,Matches,b561db50
244,Joelinton,br BRA,MFFW,Newcastle Utd,26-257,1996,25.7,61,42,30,23,8,22,52,42.3,30,48,6,42,41,102,36,0,Matches,c17bfb65
245,Ben Johnson,eng ENG,DF,West Ham,23-094,2000,8.3,20,14,12,4,4,12,18,66.7,6,11,4,7,8,28,25,1,Matches,9319781b
246,Brennan Johnson,wls WAL,FWMF,Nott'ham Forest,21-340,2001,29.7,27,18,12,8,7,6,22,27.3,16,27,1,26,4,31,3,1,Matches,0cd31129
247,Sam Johnstone,eng ENG,GK,Crystal Palace,30-034,1993,4.0,0,0,0,0,0,0,0,,0,0,0,0,0,0,4,0,Matches,9e5708be
248,Curtis Jones,eng ENG,MF,Liverpool,22-088,2001,6.5,20,9,5,8,7,10,18,55.6,8,4,0,4,3,23,5,0,Matches,4fb9c88f
249,Jorginho,it ITA,MF,Arsenal,31-129,1991,4.9,9,5,2,6,1,1,10,10.0,9,3,1,2,6,15,4,0,Matches,45db685d
250,Jorginho,it ITA,MF,Chelsea,31-129,1991,14.2,42,23,22,14,6,22,46,47.8,24,18,3,15,21,63,7,0,Matches,45db685d
251,Mateo Joseph,eng ENG,FWMF,Leeds United,19-191,2003,0.3,0,0,0,0,0,0,0,,0,1,0,1,0,0,1,0,Matches,6ad43f9a
252,Diogo Jota,pt POR,FW,Liverpool,26-145,1996,9.9,20,12,8,8,4,10,32,31.3,22,3,0,3,3,23,10,0,Matches,178ae8f8
253,Hamed Junior Traorè,ci CIV,FWMF,Bournemouth,23-071,2000,4.7,17,11,5,9,3,6,18,33.3,12,9,0,9,2,19,1,0,Matches,570bb4b9
254,James Justin,eng ENG,DF,Leicester City,25-064,1998,13.9,20,18,7,12,1,9,14,64.3,5,24,6,18,15,35,47,0,Matches,fb614c44
255,Mathias Jørgensen,dk DEN,DF,Brentford,33-005,1990,10.1,14,7,8,6,0,8,17,47.1,9,19,12,7,14,28,32,1,Matches,0db5d2c8
256,Sasa Kalajdzic,at AUT,FW,Wolves,25-295,1997,0.5,0,0,0,0,0,0,0,,0,0,0,0,1,1,0,0,Matches,15f24fe7
257,Boubacar Kamara,fr FRA,MF,Aston Villa,23-156,1999,17.4,49,23,21,20,8,24,50,48.0,26,35,11,24,17,66,24,2,Matches,cc77354e
258,Harry Kane,eng ENG,FW,Tottenham,29-274,1993,32.8,13,11,1,5,7,7,17,41.2,10,21,5,16,2,15,14,0,Matches,21a66f6a
259,N'Golo Kanté,fr FRA,MF,Chelsea,32-030,1991,4.1,14,8,3,10,1,3,6,50.0,3,4,0,4,5,19,2,0,Matches,b9fbae28
260,Michael Keane,eng ENG,DF,Everton,30-107,1993,9.3,5,2,3,2,0,4,5,80.0,1,11,6,5,12,17,50,1,Matches,c5b7c315
261,Neeskens Kebano,cd COD,FW,Fulham,31-049,1992,8.0,12,5,7,5,0,7,14,50.0,7,12,0,12,1,13,8,0,Matches,18b999f4
262,Thilo Kehrer,de GER,DF,West Ham,26-219,1996,21.3,37,22,21,12,4,19,40,47.5,21,15,6,9,29,66,63,1,Matches,51dbeea9
263,Naby Keïta,gn GUI,MF,Liverpool,28-077,1995,3.3,5,4,2,3,0,1,4,25.0,3,1,0,1,2,7,3,0,Matches,f25c8e3a
264,Lloyd Kelly,eng ENG,DF,Bournemouth,24-204,1998,17.7,22,14,15,6,1,10,14,71.4,4,20,12,8,19,41,76,1,Matches,f31def1e
265,Max Kilman,eng ENG,DF,Wolves,25-340,1997,33.0,33,17,23,9,1,13,24,54.2,11,63,40,23,17,50,151,0,Matches,d0f72bf1
266,Jakub Kiwior,pl POL,DF,Arsenal,23-072,2000,0.2,1,0,1,0,0,1,1,100.0,0,0,0,0,0,1,0,0,Matches,dc3e663e
267,Mateusz Klich,pl POL,MFFW,Leeds United,32-319,1990,3.1,12,8,3,4,5,7,13,53.8,6,4,0,4,0,12,1,0,Matches,282679b4
268,Robin Koch,de GER,DF,Leeds United,26-285,1996,31.3,45,27,29,13,3,22,45,48.9,23,38,18,20,42,87,139,1,Matches,ea6bc03a
269,Ibrahima Konaté,fr FRA,DF,Liverpool,23-338,1999,12.2,28,18,18,10,0,13,24,54.2,11,11,5,6,20,48,47,3,Matches,5ed9b537
270,Ezri Konsa,eng ENG,DF,Aston Villa,25-187,1997,31.9,35,13,21,12,2,16,21,76.2,5,32,17,15,19,54,113,3,Matches,0313a347
271,Kalidou Koulibaly,sn SEN,DF,Chelsea,31-312,1991,19.9,43,29,32,8,3,25,39,64.1,14,29,12,17,29,72,76,0,Matches,da974c7b
272,Cheikhou Kouyaté,sn SEN,MF,Nott'ham Forest,33-128,1989,8.8,22,16,12,8,2,5,8,62.5,3,14,2,12,8,30,22,0,Matches,8d3c902d
273,Mateo Kovačić,hr CRO,MF,Chelsea,28-357,1994,17.2,33,21,14,14,5,13,32,40.6,19,8,1,7,18,51,14,0,Matches,79c0821a
274,Emil Krafth,se SWE,DF,Newcastle Utd,28-269,1994,0.0,0,0,0,0,0,0,0,,0,0,0,0,0,0,0,0,Matches,77cf6852
275,Dejan Kulusevski,se SWE,MFFW,Tottenham,23-003,2000,20.2,37,15,23,7,7,16,40,40.0,24,16,0,16,11,48,6,0,Matches,df3cda47
276,Layvin Kurzawa,fr FRA,DF,Fulham,30-236,1992,1.5,3,2,1,1,1,3,3,100.0,0,1,1,0,2,5,4,0,Matches,41e7ef1c
277,Adam Lallana,eng ENG,MFFW,Brighton,34-353,1988,8.0,9,4,6,2,1,0,7,0.0,7,6,0,6,2,11,1,0,Matches,99813635
278,Tariq Lamptey,gh GHA,DF,Brighton,22-210,2000,5.0,11,6,6,4,1,5,7,71.4,2,7,3,4,7,18,2,0,Matches,f4e433d4
279,Manuel Lanzini,ar ARG,MFFW,West Ham,30-072,1993,1.7,0,0,0,0,0,0,2,0.0,2,1,0,1,1,1,0,0,Matches,26f6dca8
280,Aymeric Laporte,es ESP,DF,Manchester City,28-336,1994,7.2,5,3,3,1,1,3,6,50.0,3,9,3,6,2,7,18,1,Matches,119b9a8e
281,Juan Larios,es ESP,DF,Southampton,19-106,2004,1.7,7,6,6,1,0,5,5,100.0,0,2,0,2,3,10,4,0,Matches,cf7fb13a
282,Jamaal Lascelles,eng ENG,DF,Newcastle Utd,29-168,1993,2.4,1,0,1,0,0,1,1,100.0,0,3,2,1,0,1,17,0,Matches,450ab6fc
283,Roméo Lavia,be BEL,MF,Southampton,19-112,2004,20.1,48,27,24,20,4,16,38,42.1,22,37,9,28,27,75,18,0,Matches,ecad9aa5
284,Dexter Lembikisa,jm JAM,DF,Wolves,19-175,2003,0.3,0,0,0,0,0,0,0,,0,0,0,0,0,0,0,0,Matches,0bdda685
285,Mario Lemina,ga GAB,MF,Wolves,29-239,1993,10.4,30,20,18,10,2,12,23,52.2,11,15,4,11,12,42,19,0,Matches,2b471f99
286,Clément Lenglet,fr FRA,DF,Tottenham,27-315,1995,18.5,32,21,16,12,4,15,31,48.4,16,23,8,15,16,48,44,2,Matches,4f28a6ff
287,Bernd Leno,de GER,GK,Fulham,31-055,1992,30.0,0,0,0,0,0,0,2,0.0,2,0,0,0,0,0,12,0,Matches,2628fd2b
288,Jefferson Lerma,co COL,MF,Bournemouth,28-185,1994,31.1,42,24,20,18,4,16,35,45.7,19,30,14,16,41,83,84,1,Matches,9b5ce51a
289,Jamal Lewis,nir NIR,DF,Newcastle Utd,25-093,1998,0.1,0,0,0,0,0,0,0,,0,0,0,0,0,0,0,0,Matches,efb9215a
290,Rico Lewis,eng ENG,DFMF,Manchester City,18-158,2004,6.0,13,8,7,5,1,5,9,55.6,4,4,1,3,3,16,8,0,Matches,b57e066e
291,Keane Lewis-Potter,eng ENG,FWMF,Brentford,22-065,2001,3.6,1,0,0,1,0,0,0,,0,5,1,4,0,1,2,0,Matches,41f08ac8
292,Victor Lindelöf,se SWE,DF,Manchester Utd,28-285,1994,8.2,9,7,4,4,1,5,7,71.4,2,10,5,5,12,21,36,0,Matches,f5deef4c
293,Jesse Lingard,eng ENG,FWMF,Nott'ham Forest,30-134,1992,10.3,4,4,2,2,0,1,7,14.3,6,11,0,11,5,9,4,0,Matches,810e3c74
294,Diego Llorente,es ESP,DF,Leeds United,29-255,1993,7.2,13,10,8,5,0,4,8,50.0,4,6,2,4,15,28,24,2,Matches,bba30585
295,Hugo Lloris,fr FRA,GK,Tottenham,36-123,1986,24.5,1,1,1,0,0,1,3,33.3,2,0,0,0,1,2,13,4,Matches,8f62b6ee
296,Renan Lodi,br BRA,DF,Nott'ham Forest,25-020,1998,20.2,41,31,30,8,3,28,50,56.0,22,24,6,18,26,67,65,0,Matches,ed9f7cfe
297,Ruben Loftus-Cheek,eng ENG,MFDF,Chelsea,27-095,1996,14.6,23,13,8,12,3,10,19,52.6,9,13,2,11,11,34,21,0,Matches,e97fd090
298,Sean Longstaff,eng ENG,MF,Newcastle Utd,25-180,1997,27.0,42,21,16,20,6,20,52,38.5,32,35,8,27,16,58,23,0,Matches,a2b105e0
299,Jamal Lowe,jm JAM,MFFW,Bournemouth,28-281,1994,0.1,0,0,0,0,0,0,0,,0,0,0,0,0,0,0,0,Matches,b2856bc0
300,Douglas Luiz,br BRA,MF,Aston Villa,24-354,1998,27.6,64,37,27,28,9,29,57,50.9,28,33,7,26,39,103,20,1,Matches,6f7d826d
301,Saša Lukić,rs SRB,MF,Fulham,26-258,1996,2.6,4,3,1,3,0,0,0,,0,4,1,3,1,5,1,0,Matches,c6e8cf1f
302,Lyanco,br BRA,DF,Southampton,26-086,1997,8.8,16,10,10,6,0,8,13,61.5,5,15,12,3,13,29,38,2,Matches,b5bf1770
303,Alexis Mac Allister,ar ARG,MF,Brighton,24-125,1998,26.0,57,33,17,33,7,29,61,47.5,32,20,2,18,22,79,7,1,Matches,83d074ff
304,James Maddison,eng ENG,MFFW,Leicester City,26-156,1996,23.1,40,20,19,15,6,15,40,37.5,25,12,0,12,12,52,5,1,Matches,ee38d9c5
305,Noni Madueke,eng ENG,FWDF,Chelsea,21-049,2002,2.5,4,4,2,2,0,2,3,66.7,1,10,1,9,1,5,1,0,Matches,bf34eebd
306,Harry Maguire,eng ENG,DF,Manchester Utd,30-054,1993,7.4,7,5,6,0,1,4,5,80.0,1,17,11,6,10,17,35,0,Matches,d8931174
307,Riyad Mahrez,dz ALG,FWMF,Manchester City,32-066,1991,14.6,16,8,3,6,7,9,25,36.0,16,19,0,19,5,21,2,0,Matches,892d5bb1
308,Kobbie Mainoo,eng ENG,MF,Manchester Utd,18-009,2005,0.1,0,0,0,0,0,0,0,,0,1,1,0,0,0,0,0,Matches,c6220452
309,Ainsley Maitland-Niles,eng ENG,DFMF,Southampton,25-242,1997,13.5,43,23,22,18,3,28,41,68.3,13,23,5,18,20,63,39,0,Matches,e3a5814e
310,Tyrell Malacia,nl NED,DF,Manchester Utd,23-254,1999,12.0,38,28,29,8,1,10,19,52.6,9,12,3,9,20,58,43,0,Matches,6b6c793c
311,Orel Mangala,be BEL,MF,Nott'ham Forest,25-041,1998,12.5,20,13,12,6,2,9,22,40.9,13,16,5,11,16,36,10,0,Matches,a572e291
312,Javier Manquillo,es ESP,DF,Newcastle Utd,28-358,1994,0.4,3,2,2,1,0,2,2,100.0,0,1,0,1,1,4,1,0,Matches,758dd7f0
313,Sekou Mara,fr FRA,FWMF,Southampton,20-272,2002,5.8,14,10,5,8,1,3,9,33.3,6,11,0,11,1,15,5,0,Matches,3544641e
314,Solly March,eng ENG,FWDF,Brighton,28-282,1994,28.9,50,28,16,15,19,7,27,25.9,20,33,3,30,22,72,29,0,Matches,bb5fbd2b
315,Emiliano Marcondes,dk DEN,MF,Bournemouth,28-050,1995,0.1,0,0,0,0,0,0,0,,0,0,0,0,0,0,1,0,Matches,4d960fc3
316,Marquinhos,br BRA,MF,Arsenal,20-021,2003,0.0,0,0,0,0,0,0,0,,0,0,0,0,0,0,0,0,Matches,59878425
317,Anthony Martial,fr FRA,FW,Manchester Utd,27-144,1995,7.1,2,2,0,0,2,1,3,33.3,2,5,0,5,1,3,3,0,Matches,8b788c01
318,Martinelli,br BRA,FW,Arsenal,21-314,2001,29.5,26,14,11,9,6,6,19,31.6,13,23,1,22,9,35,14,0,Matches,48a5a5d6
319,Emiliano Martínez,ar ARG,GK,Aston Villa,30-238,1992,29.9,0,0,0,0,0,0,2,0.0,2,0,0,0,1,1,16,1,Matches,7956236f
320,Lisandro Martínez,ar ARG,DF,Manchester Utd,25-100,1998,23.5,54,28,33,18,3,30,43,69.8,13,51,27,24,33,87,103,0,Matches,bac46a10
321,Pape Matar Sarr,sn SEN,MF,Tottenham,20-226,2002,1.9,7,6,4,2,1,4,8,50.0,4,2,1,1,5,12,4,0,Matches,feb5d972
322,Jean-Philippe Mateta,fr FRA,FW,Crystal Palace,25-304,1997,8.2,6,1,2,3,1,1,3,33.3,2,3,1,2,3,9,17,0,Matches,50e6dc35
323,Joël Matip,cm CMR,DF,Liverpool,31-263,1991,11.1,14,8,12,2,0,11,23,47.8,12,8,3,5,17,31,45,3,Matches,b217ef29
324,Neal Maupay,fr FRA,FW,Everton,26-257,1996,11.8,11,5,3,4,4,2,4,50.0,2,7,0,7,5,16,0,0,Matches,4bcf39f6
325,Kevin Mbabu,ch SUI,DFFW,Fulham,28-009,1995,1.6,3,2,2,1,0,1,3,33.3,2,2,0,2,3,6,3,0,Matches,493924a7
326,Bryan Mbeumo,cm CMR,FW,Brentford,23-264,1999,27.3,22,14,5,11,6,7,37,18.9,30,15,0,15,9,31,16,0,Matches,6afaebf2
327,James McArthur,sct SCO,MF,Crystal Palace,35-203,1987,0.2,1,1,1,0,0,1,1,100.0,0,0,0,0,0,1,1,0,Matches,cee31595
328,Alex McCarthy,eng ENG,GK,Southampton,33-146,1989,1.0,0,0,0,0,0,0,0,,0,0,0,0,0,0,1,0,Matches,36c2ca73
329,John McGinn,sct SCO,MFFW,Aston Villa,28-192,1994,24.9,58,33,25,27,6,31,59,52.5,28,36,4,32,19,77,17,0,Matches,90f91999
330,Scott McKenna,sct SCO,DF,Nott'ham Forest,26-167,1996,17.5,12,7,7,3,2,6,10,60.0,4,20,14,6,12,24,85,1,Matches,4e5a4cbc
331,Weston McKennie,us USA,MF,Leeds United,24-243,1998,11.6,22,10,4,15,3,6,23,26.1,17,18,3,15,19,41,21,0,Matches,01c3aff5
332,Dwight McNeil,eng ENG,FWMF,Everton,23-157,1999,22.8,54,35,32,9,13,21,47,44.7,26,40,5,35,21,75,29,0,Matches,fc15fb84
333,Scott McTominay,sct SCO,MF,Manchester Utd,26-141,1996,12.5,32,19,16,10,6,13,21,61.9,8,14,5,9,13,45,44,0,Matches,d93c2511
334,Ben Mee,eng ENG,DF,Brentford,33-219,1989,31.3,36,21,23,11,2,16,30,53.3,14,44,33,11,43,79,108,1,Matches,8df7a2fb
335,Edouard Mendy,sn SEN,GK,Chelsea,31-058,1992,8.5,0,0,0,0,0,0,0,,0,0,0,0,0,0,3,2,Matches,33887998
336,Nampalys Mendy,sn SEN,MF,Leicester City,30-309,1992,8.2,13,9,7,6,0,8,15,53.3,7,20,4,16,13,26,2,0,Matches,1598599e
337,Chris Mepham,wls WAL,DF,Bournemouth,25-174,1997,23.4,42,20,34,8,0,16,27,59.3,11,39,27,12,30,72,145,0,Matches,fed96827
338,Illan Meslier,fr FRA,GK,Leeds United,23-057,2000,33.0,2,1,2,0,0,2,4,50.0,2,0,0,0,1,3,29,1,Matches,6b625ac2
339,Alexander Mighten,eng ENG,FW,Nott'ham Forest,21-017,2002,0.1,0,0,0,0,0,0,1,0.0,1,0,0,0,0,0,0,0,Matches,10ec4169
340,Luka Milivojević,rs SRB,MF,Crystal Palace,32-021,1991,5.7,13,7,7,4,2,7,10,70.0,3,13,4,9,12,25,10,0,Matches,2ce2508a
341,James Milner,eng ENG,MFDF,Liverpool,37-114,1986,8.5,22,12,10,9,3,13,30,43.3,17,13,2,11,12,34,14,0,Matches,2f90f6b8
342,Yerry Mina,co COL,DF,Everton,28-217,1994,2.6,9,4,4,5,0,7,7,100.0,0,2,1,1,2,11,9,0,Matches,6d5701f2
343,Tyrone Mings,eng ENG,DF,Aston Villa,30-046,1993,30.0,12,5,8,4,0,7,17,41.2,10,36,21,15,41,53,132,2,Matches,8397a50c
344,Tyrick Mitchell,eng ENG,DF,Crystal Palace,23-239,1999,27.1,60,43,36,21,3,24,45,53.3,21,38,9,29,37,97,68,0,Matches,5cbd1eb0
345,Kaoru Mitoma,jp JPN,FW,Brighton,25-343,1997,19.1,34,20,12,12,10,15,27,55.6,12,21,0,21,10,44,9,0,Matches,74618572
346,Aleksandar Mitrović,rs SRB,FW,Fulham,28-224,1994,20.1,14,7,8,4,2,5,10,50.0,5,20,5,15,3,17,19,1,Matches,3925dbd6
347,Kieffer Moore,wls WAL,FW,Bournemouth,30-263,1992,13.0,13,11,2,8,3,5,16,31.3,11,10,5,5,1,14,22,0,Matches,01ce9e70
348,Andrew Moran,ie IRL,FW,Brighton,19-195,2003,0.1,0,0,0,0,0,0,0,,0,1,0,1,0,0,0,0,Matches,c4720845
349,Álex Moreno,es ESP,DF,Aston Villa,29-324,1993,11.9,17,11,12,3,2,11,29,37.9,18,15,3,12,5,22,28,2,Matches,16e9d0ea
350,Mason Mount,eng ENG,MFFW,Chelsea,24-108,1999,18.3,33,19,6,16,11,14,27,51.9,13,24,6,18,8,41,9,0,Matches,9674002f
351,Lucas Moura,br BRA,MFDF,Tottenham,30-258,1992,1.4,7,5,1,2,4,1,2,50.0,1,0,0,0,2,9,1,0,Matches,2b622f01
352,João Moutinho,pt POR,MF,Wolves,36-232,1986,19.8,51,30,24,21,6,19,46,41.3,27,22,6,16,18,69,20,0,Matches,f5a00fa4
353,Divin Mubama,eng ENG,FW,West Ham,18-185,2004,0.0,0,0,0,0,0,0,0,,0,0,0,0,0,0,0,0,Matches,92868cb5
354,Mykhailo Mudryk,ua UKR,FWMF,Chelsea,22-113,2001,5.4,8,7,1,3,4,3,9,33.3,6,5,1,4,0,8,2,0,Matches,049a888d
355,Jacob Murphy,eng ENG,FW,Newcastle Utd,28-063,1995,12.0,12,6,3,6,3,6,17,35.3,11,16,0,16,6,18,3,0,Matches,de112b84
356,Enock Mwepu,zm ZAM,FWMF,Brighton,25-117,1998,2.4,10,5,1,6,3,3,4,75.0,1,3,1,2,1,11,1,0,Matches,1d5cab82
357,Vitaliy Mykolenko,ua UKR,DF,Everton,23-334,1999,27.5,55,31,35,17,3,26,44,59.1,18,48,15,33,41,96,87,0,Matches,30d4a2e5
358,Keylor Navas,cr CRC,GK,Nott'ham Forest,36-134,1986,13.0,0,0,0,0,0,0,0,,0,0,0,0,1,1,9,1,Matches,ecada4fc
359,Wilfred Ndidi,ng NGA,MFDF,Leicester City,26-133,1996,16.0,46,33,25,18,3,12,37,32.4,25,27,11,16,33,79,42,3,Matches,6b47c5db
360,Reiss Nelson,eng ENG,FW,Arsenal,23-139,1999,1.4,3,1,2,0,1,2,2,100.0,0,1,0,1,0,3,1,0,Matches,c5bdb6e3
361,Neto,br BRA,GK,Bournemouth,33-283,1989,22.5,2,0,2,0,0,2,2,100.0,0,0,0,0,0,2,8,3,Matches,a9dc785c
362,Pedro Neto,pt POR,FWMF,Wolves,23-050,2000,8.4,10,6,4,2,4,6,14,42.9,8,2,0,2,3,13,4,0,Matches,7ba2eaa9
363,Rúben Neves,pt POR,MF,Wolves,26-046,1997,29.1,70,38,29,27,14,27,65,41.5,38,50,21,29,46,116,75,1,Matches,44bfb6c5
364,Moussa Niakhate,sn SEN,DF,Nott'ham Forest,27-051,1996,7.9,6,2,5,1,0,3,8,37.5,5,14,6,8,11,17,39,0,Matches,00242715
365,Rasmus Nissen,dk DEN,DF,Leeds United,25-291,1997,16.8,54,28,30,18,6,35,59,59.3,24,24,11,13,27,81,46,0,Matches,39769cff
366,Eddie Nketiah,eng ENG,FW,Arsenal,23-333,1999,11.5,12,9,5,2,5,2,7,28.6,5,7,1,6,1,13,7,0,Matches,a53649b7
367,Matheus Nunes,pt POR,MF,Wolves,24-244,1998,23.7,61,38,30,22,9,23,53,43.4,30,31,2,29,12,73,27,1,Matches,e6af02e0
368,Darwin Núñez,uy URU,FW,Liverpool,23-308,1999,17.0,10,4,2,3,5,4,15,26.7,11,9,0,9,3,13,11,0,Matches,4d77b365
369,Ethan Nwaneri,eng ENG,FW,Arsenal,16-038,2007,0.0,0,0,0,0,0,0,0,,0,1,0,1,0,0,0,0,Matches,7f94982c
370,Christian Nørgaard,dk DEN,MF,Brentford,29-049,1994,19.6,52,30,21,29,2,18,48,37.5,30,32,9,23,34,86,41,2,Matches,df0a4c90
371,Lewis O'Brien,eng ENG,MF,Nott'ham Forest,24-196,1998,6.5,16,9,4,11,1,6,12,50.0,6,13,2,11,5,21,9,0,Matches,089667a5
372,Odeluga Offiah,eng ENG,DF,Brighton,20-184,2002,0.0,0,0,0,0,0,0,1,0.0,1,0,0,0,0,0,0,0,Matches,65c3efa2
373,Angelo Ogbonna,it ITA,DF,West Ham,34-340,1988,8.9,11,4,7,4,0,5,6,83.3,1,6,3,3,12,23,46,1,Matches,74b2cd7e
374,Michael Olise,fr FRA,FWMF,Crystal Palace,21-137,2001,25.6,51,31,25,22,4,24,54,44.4,30,40,1,39,22,73,13,0,Matches,c4486bac
375,Robin Olsen,se SWE,GK,Aston Villa,33-110,1990,3.1,0,0,0,0,0,0,2,0.0,2,0,0,0,0,0,1,0,Matches,e7ee38c3
376,Amadou Onana,be BEL,MF,Everton,21-255,2001,25.3,68,43,23,39,6,27,39,69.2,12,23,5,18,33,101,39,0,Matches,828657ff
377,Josh Onomah,eng ENG,MF,Fulham,26-001,1997,0.2,1,0,1,0,0,0,0,,0,1,0,1,0,1,0,0,Matches,6612cd8c
378,Paul Onuachu,ng NGA,FW,Southampton,28-335,1994,3.7,2,2,1,1,0,1,3,33.3,2,2,1,1,0,2,3,0,Matches,c06d1086
379,Frank Onyeka,ng NGA,MF,Brentford,25-117,1998,6.8,14,10,7,6,1,8,19,42.1,11,10,2,8,6,20,15,0,Matches,2944f86f
380,Mislav Oršić,hr CRO,MF,Southampton,30-120,1992,0.1,1,1,1,0,0,0,0,,0,0,0,0,0,1,0,0,Matches,ee950928
381,Dango Ouattara,bf BFA,MFFW,Bournemouth,21-076,2002,9.7,17,10,12,3,2,11,20,55.0,9,12,2,10,9,26,19,1,Matches,2f9e4435
382,Alex Oxlade-Chamberlain,eng ENG,FWMF,Liverpool,29-256,1993,3.7,5,4,1,2,2,1,5,20.0,4,5,2,3,1,6,4,0,Matches,38c7feef
383,David Ozoh,,FW,Crystal Palace,17-332,2005,0.0,0,0,0,0,0,0,0,,0,0,0,0,0,0,0,0,Matches,d00d45ab
384,João Palhinha,pt POR,MF,Fulham,27-293,1995,28.7,119,66,42,54,23,54,99,54.5,45,39,4,35,37,156,57,2,Matches,a78ff07f
385,Cole Palmer,eng ENG,FWMF,Manchester City,20-357,2002,1.7,4,1,0,2,2,2,2,100.0,0,0,0,0,1,5,2,0,Matches,dc7f8a28
386,Emerson Palmieri,it ITA,DF,West Ham,28-268,1994,10.9,18,9,6,10,2,9,18,50.0,9,13,3,10,10,28,26,0,Matches,e0bc6fdc
387,Lucas Paquetá,br BRA,MF,West Ham,25-244,1997,19.4,57,42,21,27,9,21,54,38.9,33,32,3,29,13,70,29,0,Matches,9b6f7fd5
388,Thomas Partey,gh GHA,MF,Arsenal,29-319,1993,25.1,66,39,20,31,15,25,52,48.1,27,24,5,19,26,92,38,1,Matches,529f49ab
389,Nathan Patterson,sct SCO,DFMF,Everton,21-194,2001,11.4,39,17,25,11,3,23,37,62.2,14,20,3,17,12,51,35,0,Matches,230f0471
390,Ben Pearson,eng ENG,MF,Bournemouth,28-114,1995,3.2,7,3,3,3,1,1,3,33.3,2,4,0,4,2,9,6,0,Matches,a6b461e7
391,Facundo Pellistri,uy URU,FWMF,Manchester Utd,21-129,2001,0.6,0,0,0,0,0,0,0,,0,0,0,0,0,0,3,0,Matches,ac7e7b1c
392,Andreas Pereira,br BRA,MF,Fulham,27-117,1996,29.3,18,9,3,6,9,8,33,24.2,25,21,3,18,5,23,8,0,Matches,6639e500
393,Ricardo Pereira,pt POR,DFMF,Leicester City,29-204,1993,4.3,8,5,6,2,0,5,14,35.7,9,5,1,4,4,12,16,0,Matches,75a72a99
394,Ayoze Pérez,es ESP,MFFW,Leicester City,29-273,1993,4.2,11,8,5,4,2,8,19,42.1,11,6,0,6,2,13,3,0,Matches,819aa8e7
395,Ivan Perišić,hr CRO,DFMF,Tottenham,34-085,1989,22.4,38,21,22,9,7,24,42,57.1,18,28,6,22,20,58,44,1,Matches,6fe90922
396,Romain Perraud,fr FRA,DF,Southampton,25-218,1997,20.4,54,33,23,23,8,28,52,53.8,24,24,6,18,20,74,42,0,Matches,6dfd8f05
397,Máximo Perrone,ar ARG,MF,Manchester City,20-111,2003,0.2,0,0,0,0,0,0,0,,0,1,0,1,0,0,0,0,Matches,53552942
398,Kalvin Phillips,eng ENG,MF,Manchester City,27-147,1995,1.2,5,4,2,3,0,2,5,40.0,3,3,1,2,2,7,5,0,Matches,4f565d77
399,Nathaniel Phillips,eng ENG,DF,Liverpool,26-038,1997,0.7,2,1,0,2,0,2,2,100.0,0,0,0,0,2,4,1,0,Matches,515ebe8d
400,Jordan Pickford,eng ENG,GK,Everton,29-052,1994,32.0,0,0,0,0,0,0,0,,0,0,0,0,3,3,15,3,Matches,4806ec67
401,Ethan Pinnock,jm JAM,DF,Brentford,29-334,1993,25.0,42,25,26,10,6,14,20,70.0,6,31,24,7,32,74,191,2,Matches,e541326e
402,Daniel Podence,pt POR,FWMF,Wolves,27-189,1995,18.1,27,17,13,9,5,6,28,21.4,22,19,0,19,6,33,6,0,Matches,7fcc71d8
403,Nick Pope,eng ENG,GK,Newcastle Utd,31-009,1992,31.2,1,0,1,0,0,1,3,33.3,2,0,0,0,0,1,21,2,Matches,4b40d9ca
404,Pedro Porro,es ESP,DF,Tottenham,23-227,1999,8.5,17,10,5,11,1,8,25,32.0,17,11,1,10,9,26,17,1,Matches,27d0a506
405,Dennis Praet,be BEL,MFFW,Leicester City,28-349,1994,6.7,11,8,5,5,1,6,11,54.5,5,11,2,9,5,16,6,0,Matches,86695068
406,Isaac Price,nir NIR,MF,Everton,19-214,2003,0.4,0,0,0,0,0,0,1,0.0,1,1,1,0,0,0,0,0,Matches,b9403c99
407,Christian Pulisic,us USA,FWDF,Chelsea,24-222,1998,8.7,11,6,3,6,2,3,5,60.0,2,7,1,6,4,15,4,0,Matches,1bf33a9a
408,Aaron Ramsdale,eng ENG,GK,Arsenal,24-349,1998,33.0,1,1,1,0,0,1,1,100.0,0,0,0,0,0,1,17,6,Matches,466fb2c5
409,Jacob Ramsey,eng ENG,MFFW,Aston Villa,21-335,2001,24.3,63,37,23,30,10,30,61,49.2,31,46,8,38,21,84,29,0,Matches,1544f145
410,Marcus Rashford,eng ENG,FW,Manchester Utd,25-179,1997,27.5,19,9,7,8,4,9,21,42.9,12,27,4,23,7,26,13,0,Matches,a1d5bd30
411,David Raya,es ESP,GK,Brentford,27-225,1995,33.0,0,0,0,0,0,0,2,0.0,2,1,0,1,1,1,10,2,Matches,98ea5115
412,Tim Ream,us USA,DF,Fulham,35-205,1987,32.0,30,16,15,12,3,13,26,50.0,13,45,24,21,41,71,115,2,Matches,28b40c9c
413,Nathan Redmond,eng ENG,DF,Southampton,29-053,1994,0.0,0,0,0,0,0,0,0,,0,0,0,0,0,0,0,0,Matches,ab651565
414,Harrison Reed,eng ENG,MF,Fulham,28-091,1995,27.7,38,24,14,19,5,11,39,28.2,28,42,8,34,17,55,31,0,Matches,803ae100
415,Bobby Reid,jm JAM,FWDF,Fulham,30-085,1993,26.0,39,22,13,13,13,15,32,46.9,17,22,3,19,20,59,27,0,Matches,0f7533cd
416,Declan Rice,eng ENG,MF,West Ham,24-104,1999,32.0,73,35,39,30,4,29,47,61.7,18,40,14,26,56,129,54,0,Matches,1c7012b8
417,Chris Richards,us USA,DF,Crystal Palace,23-031,2000,5.0,9,6,8,1,0,5,7,71.4,2,10,1,9,8,17,31,0,Matches,0a3d6d2b
418,Richarlison,br BRA,MFFW,Tottenham,25-353,1997,9.3,20,15,12,5,3,12,24,50.0,12,13,1,12,5,25,10,0,Matches,fa031b34
419,Jaïro Riedewald,nl NED,DFFW,Crystal Palace,26-231,1996,0.5,2,1,2,0,0,0,1,0.0,1,1,0,1,0,2,4,0,Matches,7a1f2c08
420,Matt Ritchie,sct SCO,FWMF,Newcastle Utd,33-230,1989,0.4,1,1,0,1,0,1,2,50.0,1,0,0,0,1,2,0,0,Matches,71ef519e
421,Andrew Robertson,sct SCO,DF,Liverpool,29-048,1994,24.7,34,20,12,14,8,19,37,51.4,18,27,5,22,18,52,44,1,Matches,2e4f5f03
422,Antonee Robinson,us USA,DF,Fulham,25-263,1997,28.3,52,30,37,12,3,36,46,78.3,10,43,11,32,43,95,66,1,Matches,289601e6
423,Marc Roca,es ESP,MF,Leeds United,26-153,1996,24.0,62,40,24,33,5,19,62,30.6,43,32,10,22,23,85,23,2,Matches,da27e268
424,Marek Rodák,sk SVK,GK,Fulham,26-136,1996,2.0,0,0,0,0,0,0,0,,0,0,0,0,0,0,1,1,Matches,17acc2ed
425,Rodri,es ESP,MF,Manchester City,26-310,1996,28.2,60,37,25,25,10,23,47,48.9,24,38,14,24,29,89,34,1,Matches,6434f10d
426,Rodrigo,es ESP,FWMF,Leeds United,32-053,1991,17.9,20,8,1,14,5,6,14,42.9,8,14,2,12,6,26,19,1,Matches,1fb1c435
427,Mads Roerslev,dk DEN,DF,Brentford,23-308,1999,12.2,21,12,18,3,0,15,30,50.0,15,14,5,9,9,30,36,0,Matches,57c94db2
428,Cristian Romero,ar ARG,DF,Tottenham,25-001,1998,23.3,61,31,36,23,2,24,40,60.0,16,37,18,19,36,97,88,3,Matches,a3d94a58
429,Oriol Romeu,es ESP,MF,Southampton,31-216,1991,0.8,1,0,0,1,0,0,0,,0,1,0,1,1,2,1,0,Matches,4b511457
430,Cristiano Ronaldo,pt POR,FW,Manchester Utd,38-082,1985,5.8,2,2,1,0,1,1,2,50.0,1,0,0,0,1,3,9,0,Matches,dea698d9
431,Connor Ronan,ie IRL,MF,Wolves,25-053,1998,0.0,0,0,0,0,0,0,0,,0,0,0,0,0,0,0,0,Matches,1b804500
432,Salomón Rondón,ve VEN,FW,Everton,33-224,1989,1.2,0,0,0,0,0,0,0,,0,1,1,0,0,0,0,0,Matches,b318a643
433,Joe Rothwell,eng ENG,MF,Bournemouth,28-107,1995,9.0,16,11,5,10,1,6,17,35.3,11,12,3,9,9,25,6,0,Matches,10a10454
434,Georginio Rutter,fr FRA,FWMF,Leeds United,21-008,2002,2.7,9,8,5,3,1,5,7,71.4,2,4,0,4,3,12,3,0,Matches,c64c01fc
435,José Sá,pt POR,GK,Wolves,30-101,1993,33.0,1,0,1,0,0,1,1,100.0,0,0,0,0,0,1,10,4,Matches,903b6e8b
436,Marcel Sabitzer,at AUT,MF,Manchester Utd,29-042,1994,5.7,11,7,3,8,0,2,11,18.2,9,6,2,4,6,17,10,0,Matches,e280527c
437,Allan Saint-Maximin,fr FRA,FW,Newcastle Utd,26-047,1997,11.1,6,3,3,3,0,2,8,25.0,6,3,0,3,4,10,2,0,Matches,2b16cb1a
438,Bukayo Saka,eng ENG,FW,Arsenal,21-235,2001,30.9,48,27,19,12,17,15,31,48.4,16,37,0,37,14,62,19,0,Matches,bc7dc64d
439,Mohamed Salah,eg EGY,FW,Liverpool,30-317,1992,30.7,15,9,4,3,8,8,19,42.1,11,19,0,19,5,20,3,0,Matches,e342ad68
440,William Saliba,fr FRA,DF,Arsenal,22-035,2001,26.8,34,20,23,9,2,15,18,83.3,3,13,10,3,19,53,85,4,Matches,972aeb2a
441,Mohammed Salisu,gh GHA,DF,Southampton,24-011,1999,21.9,51,29,33,16,2,24,34,70.6,10,56,25,31,31,82,122,1,Matches,0b33f6ad
442,Albert Sambi Lokonga,be BEL,MF,Arsenal,23-188,1999,2.2,1,1,0,0,1,0,2,0.0,2,1,0,1,5,6,2,0,Matches,1b4f1169
443,Albert Sambi Lokonga,be BEL,MF,Crystal Palace,23-188,1999,6.0,13,10,7,4,2,8,12,66.7,4,8,3,5,7,20,10,0,Matches,1b4f1169
444,Davinson Sánchez,co COL,DF,Tottenham,26-320,1996,7.5,19,8,13,5,1,11,14,78.6,3,14,8,6,11,30,28,0,Matches,da7b447d
445,Robert Sánchez,es ESP,GK,Brighton,25-161,1997,23.0,1,0,1,0,0,0,0,,0,0,0,0,3,4,9,2,Matches,6a713852
446,Jadon Sancho,eng ENG,FWMF,Manchester Utd,23-034,2000,13.9,11,7,6,3,2,6,18,33.3,12,15,2,13,6,17,6,0,Matches,dbf053da
447,Morgan Sanson,fr FRA,MF,Aston Villa,28-253,1994,0.1,2,1,1,1,0,1,1,100.0,0,0,0,0,0,2,0,0,Matches,6e7f1353
448,Pablo Sarabia,es ESP,FWMF,Wolves,30-352,1992,7.7,11,6,4,4,3,5,14,35.7,9,5,0,5,1,12,3,0,Matches,9744ff80
449,Jeremy Sarmiento,ec ECU,MF,Brighton,20-316,2002,2.0,6,3,4,1,1,2,5,40.0,3,2,0,2,1,7,0,0,Matches,ac0d576d
450,Gianluca Scamacca,it ITA,FW,West Ham,24-117,1999,10.3,10,5,1,3,6,2,2,100.0,0,3,0,3,4,14,5,0,Matches,8790f988
451,Gustavo Scarpa,br BRA,MFFW,Nott'ham Forest,29-113,1994,2.0,5,2,3,1,1,2,5,40.0,3,4,0,4,0,5,3,0,Matches,2964fd20
452,Kevin Schade,de GER,FW,Brentford,21-152,2001,5.1,9,6,6,2,1,4,9,44.4,5,5,0,5,4,13,3,0,Matches,52afb588
453,Fabian Schär,ch SUI,DF,Newcastle Utd,31-129,1991,29.6,41,20,28,11,2,21,33,63.6,12,29,17,12,46,87,119,0,Matches,c8aa95da
454,Jeffrey Schlupp,gh GHA,MFFW,Crystal Palace,30-126,1992,26.3,60,42,27,27,6,22,42,52.4,20,39,8,31,23,83,34,0,Matches,3312f911
455,Nélson Semedo,pt POR,DF,Wolves,29-163,1993,24.8,67,38,45,18,4,33,58,56.9,25,36,13,23,26,93,71,2,Matches,d04b94db
456,Antoine Semenyo,gh GHA,FWMF,Bournemouth,23-111,2000,2.7,1,0,0,0,1,1,6,16.7,5,10,1,9,2,3,4,0,Matches,efd2ec23
457,Marcos Senesi,ar ARG,DF,Bournemouth,25-353,1997,23.7,41,29,23,18,0,17,33,51.5,16,36,18,18,32,73,128,1,Matches,35141f4c
458,Ryan Sessegnon,eng ENG,DF,Tottenham,22-345,2000,9.0,16,11,9,7,0,6,12,50.0,6,8,1,7,6,22,17,1,Matches,6aa3e78b
459,Luke Shaw,eng ENG,DF,Manchester Utd,27-290,1995,22.9,42,24,25,15,2,25,33,75.8,8,42,12,30,29,71,44,2,Matches,9c94165b
460,Jonjo Shelvey,eng ENG,MF,Newcastle Utd,31-060,1992,0.4,1,0,1,0,0,0,1,0.0,1,1,0,1,0,1,0,0,Matches,3727dd3c
461,Jonjo Shelvey,eng ENG,MF,Nott'ham Forest,31-060,1992,6.0,2,1,0,1,1,1,9,11.1,8,7,2,5,5,7,10,1,Matches,3727dd3c
462,Bernardo Silva,pt POR,MFFW,Manchester City,28-261,1994,22.3,42,23,11,24,7,18,41,43.9,23,20,4,16,15,57,5,0,Matches,3eb22ec9
463,Thiago Silva,br BRA,DF,Chelsea,38-218,1984,21.1,35,23,19,16,0,18,24,75.0,6,30,22,8,30,65,93,2,Matches,86e7deaf
464,Ellis Simms,eng ENG,FW,Everton,22-113,2001,2.5,0,0,0,0,0,0,0,,0,0,0,0,0,0,1,0,Matches,26d3b5be
465,Luis Sinisterra,co COL,FW,Leeds United,23-315,1999,9.6,21,14,8,9,4,11,18,61.1,7,11,1,10,8,29,2,0,Matches,8e16dd48
466,Oliver Skipp,eng ENG,MF,Tottenham,22-224,2000,12.0,22,13,12,9,1,10,23,43.5,13,12,4,8,12,34,15,0,Matches,6250083a
467,Adam Smith,eng ENG,DF,Bournemouth,31-364,1991,28.7,44,25,23,18,3,26,56,46.4,30,28,13,15,20,64,74,1,Matches,20b104bc
468,Emile Smith Rowe,eng ENG,MFFW,Arsenal,22-274,2000,1.6,1,1,1,0,0,1,2,50.0,1,0,0,0,0,1,2,0,Matches,17695062
469,Cédric Soares,pt POR,DF,Arsenal,31-240,1991,0.3,0,0,0,0,0,0,1,0.0,1,1,0,1,0,0,1,0,Matches,839c14e1
470,Cédric Soares,pt POR,DF,Fulham,31-240,1991,1.2,5,3,1,3,1,2,2,100.0,0,1,0,1,0,5,3,0,Matches,839c14e1
471,Dominic Solanke,eng ENG,FWMF,Bournemouth,25-226,1997,26.8,9,5,6,1,2,4,18,22.2,14,23,6,17,3,12,37,0,Matches,e77dc3b2
472,Manor Solomon,il ISR,FW,Fulham,23-278,1999,5.4,19,11,11,6,2,9,11,81.8,2,6,0,6,4,23,3,0,Matches,886f9aac
473,Tomáš Souček,cz CZE,MF,West Ham,28-060,1995,27.6,71,36,37,27,7,26,54,48.1,28,40,16,24,46,117,60,1,Matches,6613c819
474,Boubakary Soumaré,fr FRA,MF,Leicester City,24-060,1999,13.3,49,32,25,22,2,21,36,58.3,15,13,3,10,24,73,21,1,Matches,ae59b359
475,Harry Souttar,au AUS,DF,Leicester City,24-188,1998,10.0,13,8,9,4,0,7,16,43.8,9,15,11,4,11,24,39,0,Matches,0a6cb1b1
476,Çağlar Söyüncü,tr TUR,DF,Leicester City,26-340,1996,3.9,10,7,7,3,0,5,7,71.4,2,6,5,1,3,13,16,0,Matches,21166ff4
477,Djed Spence,eng ENG,FWDF,Tottenham,22-262,2000,0.1,0,0,0,0,0,0,0,,0,0,0,0,0,0,0,0,Matches,9bc9a519
478,Jack Stacey,eng ENG,DF,Bournemouth,27-022,1996,3.3,5,4,3,1,1,2,5,40.0,3,3,1,2,5,10,15,0,Matches,558807c0
479,Junior Stanislas,eng ENG,MF,Bournemouth,33-153,1989,0.7,0,0,0,0,0,0,0,,0,2,1,1,0,0,0,0,Matches,6992791d
480,Jay Stansfield,eng ENG,FW,Fulham,20-155,2002,1.0,0,0,0,0,0,0,2,0.0,2,4,1,3,1,1,1,0,Matches,b2626673
481,Jason Steele,eng ENG,GK,Brighton,32-253,1990,7.0,0,0,0,0,0,0,0,,0,0,0,0,0,0,2,1,Matches,28300a16
482,Jack Stephens,eng ENG,DF,Southampton,29-091,1994,0.5,2,2,2,0,0,1,1,100.0,0,1,1,0,1,3,2,0,Matches,6adbc307
483,Jack Stephens,eng ENG,DF,Bournemouth,29-091,1994,13.0,15,11,10,4,1,6,10,60.0,4,23,16,7,16,31,53,0,Matches,6adbc307
484,Raheem Sterling,eng ENG,FWMF,Chelsea,28-141,1994,17.2,12,7,4,2,6,5,11,45.5,6,14,0,14,1,13,3,0,Matches,b400bde0
485,John Stones,eng ENG,DFMF,Manchester City,28-335,1994,17.2,20,11,10,6,4,6,8,75.0,2,13,7,6,6,26,30,0,Matches,5eecec3d
486,Pascal Struijk,nl NED,DF,Leeds United,23-260,1999,22.7,74,50,38,27,9,42,68,61.8,26,31,12,19,30,104,64,0,Matches,f4d296e4
487,Kamaldeen Sulemana,gh GHA,FWMF,Southampton,21-072,2002,8.1,10,6,2,4,4,2,11,18.2,9,14,0,14,2,12,4,0,Matches,a62f8bf1
488,Crysencio Summerville,nl NED,FW,Leeds United,21-180,2001,14.2,27,19,14,12,1,10,22,45.5,12,17,2,15,12,39,11,0,Matches,df04eb4b
489,Sam Surridge,eng ENG,FW,Nott'ham Forest,24-274,1998,3.5,5,0,1,3,1,1,4,25.0,3,4,2,2,0,5,6,0,Matches,b017b770
490,Japhet Tanganga,eng ENG,DF,Tottenham,24-028,1999,1.6,3,2,3,0,0,1,5,20.0,4,1,0,1,2,5,8,0,Matches,e9971f2d
491,Matt Targett,eng ENG,DF,Newcastle Utd,27-222,1995,5.8,12,9,7,3,2,9,20,45.0,11,6,1,5,8,20,13,0,Matches,e514ab62
492,James Tarkowski,eng ENG,DF,Everton,30-160,1992,33.0,41,24,30,10,1,14,30,46.7,16,90,70,20,40,81,174,3,Matches,15ea812b
493,Marcus Tavernier,eng ENG,MFFW,Bournemouth,24-037,1999,19.4,33,22,19,11,3,11,32,34.4,21,25,4,21,9,42,23,0,Matches,5c0da4a4
494,Tetê,br BRA,FW,Leicester City,23-072,2000,7.3,14,8,5,7,2,6,20,30.0,14,8,0,8,2,16,3,0,Matches,7120a04d
495,Kenny Tete,nl NED,DF,Fulham,27-201,1995,23.5,69,38,36,21,12,31,40,77.5,9,38,15,23,41,110,68,1,Matches,77d7c96f
496,Luke Thomas,eng ENG,DF,Leicester City,21-322,2001,8.5,14,13,7,5,2,11,24,45.8,13,13,2,11,23,37,26,0,Matches,fc027d02
497,Youri Tielemans,be BEL,MF,Leicester City,25-356,1997,21.4,55,33,23,24,8,23,54,42.6,31,32,6,26,22,77,19,1,Matches,56f7a928
498,Kieran Tierney,sct SCO,DF,Arsenal,25-327,1997,6.9,14,8,8,5,1,7,9,77.8,2,7,2,5,9,23,19,0,Matches,fce2302c
499,Harry Toffolo,eng ENG,DF,Nott'ham Forest,27-252,1995,9.8,16,8,10,4,2,10,14,71.4,4,16,8,8,9,25,29,0,Matches,a105d46a
500,Takehiro Tomiyasu,jp JPN,DF,Arsenal,24-174,1998,7.4,27,18,12,10,5,13,18,72.2,5,7,0,7,14,41,15,1,Matches,b3af9be1
501,James Tomkins,eng ENG,DF,Crystal Palace,34-030,1989,3.8,4,2,2,1,1,1,3,33.3,2,3,2,1,5,9,19,0,Matches,e7ca0439
502,Ivan Toney,eng ENG,FW,Brentford,27-043,1996,30.8,22,12,4,9,9,7,22,31.8,15,24,9,15,13,35,34,0,Matches,e09f279b
503,Adama Traoré,es ESP,FWMF,Wolves,27-093,1996,14.3,12,6,5,4,3,3,7,42.9,4,7,1,6,3,15,10,0,Matches,9a28eba4
504,Bertrand Traoré,bf BFA,FW,Aston Villa,27-234,1995,1.8,0,0,0,0,0,0,1,0.0,1,3,0,3,1,1,0,0,Matches,c47541e0
505,Boubacar Traoré,ml MLI,MF,Wolves,21-251,2001,4.3,10,4,4,3,3,2,6,33.3,4,4,2,2,7,17,1,0,Matches,999ceb5f
506,Mark Travers,ie IRL,GK,Bournemouth,23-345,1999,10.5,0,0,0,0,0,0,0,,0,1,0,1,0,0,6,0,Matches,fe558029
507,Kieran Trippier,eng ENG,DF,Newcastle Utd,32-221,1990,31.1,62,46,30,26,6,39,76,51.3,37,34,12,22,37,99,73,2,Matches,21512407
508,Leandro Trossard,be BEL,FW,Arsenal,28-145,1994,7.1,7,5,2,1,4,4,10,40.0,6,12,0,12,4,11,0,0,Matches,38ceb24a
509,Leandro Trossard,be BEL,FWMF,Brighton,28-145,1994,14.6,10,6,7,1,2,1,8,12.5,7,17,0,17,6,16,1,0,Matches,38ceb24a
510,Kostas Tsimikas,gr GRE,DF,Liverpool,26-351,1996,6.9,13,8,9,2,2,9,14,64.3,5,8,1,7,7,20,13,0,Matches,f315ca93
511,Deniz Undav,de GER,FWMF,Brighton,26-283,1996,3.0,4,3,2,1,1,1,1,100.0,0,1,0,1,0,4,1,0,Matches,dd549382
512,Yan Valery,tn TUN,DF,Southampton,24-065,1999,0.5,0,0,0,0,0,0,0,,0,1,0,1,0,0,3,0,Matches,531a4aa8
513,Virgil van Dijk,nl NED,DF,Liverpool,31-294,1991,26.5,24,13,13,10,1,8,17,47.1,9,21,13,8,28,52,111,2,Matches,e06683ca
514,Raphaël Varane,fr FRA,DF,Manchester Utd,30-003,1993,18.3,23,8,17,6,0,6,16,37.5,10,23,16,7,10,33,81,0,Matches,9f8e9423
515,Jamie Vardy,eng ENG,FW,Leicester City,36-107,1987,17.0,9,4,4,2,3,1,6,16.7,5,13,2,11,2,11,24,0,Matches,45963054
516,Joël Veltman,nl NED,DF,Brighton,31-103,1992,22.1,58,31,43,12,3,35,53,66.0,18,27,8,19,19,77,48,0,Matches,dad4b285
517,Fabio Vieira,pt POR,MF,Arsenal,22-333,2000,5.3,6,4,3,0,3,3,5,60.0,2,5,0,5,4,10,1,0,Matches,6412cc03
518,Matías Viña,uy URU,DFMF,Bournemouth,25-170,1997,2.1,8,5,4,3,1,6,12,50.0,6,7,0,7,2,10,10,0,Matches,08eb3b58
519,Rúben Vinagre,pt POR,DFMF,Everton,24-019,1999,0.3,2,2,1,1,0,1,2,50.0,1,0,0,0,0,2,1,0,Matches,b937e490
520,Carlos Vinícius,br BRA,FW,Fulham,28-034,1995,8.6,2,0,0,2,0,0,4,0.0,4,4,0,4,0,2,6,0,Matches,8b529245
521,Theo Walcott,eng ENG,FWMF,Southampton,34-043,1989,9.1,8,3,5,2,1,7,21,33.3,14,6,1,5,8,16,5,0,Matches,1ecb65be
522,Kyle Walker,eng ENG,DF,Manchester City,32-335,1990,15.3,11,7,6,5,0,3,20,15.0,17,9,2,7,13,24,11,0,Matches,86dd77d1
523,Kyle Walker-Peters,eng ENG,DF,Southampton,26-015,1997,24.4,51,28,28,20,3,18,32,56.3,14,39,8,31,21,72,44,0,Matches,984a5a64
524,Aaron Wan-Bissaka,eng ENG,DF,Manchester Utd,25-153,1997,11.0,27,19,16,11,0,18,19,94.7,1,17,4,13,17,44,31,0,Matches,9e525177
525,Danny Ward,wls WAL,GK,Leicester City,29-310,1993,26.0,1,1,1,0,0,1,3,33.3,2,0,0,0,0,1,14,2,Matches,d3ce0e89
526,Joel Ward,eng ENG,DF,Crystal Palace,33-181,1989,20.1,34,24,21,6,7,19,28,67.9,9,28,15,13,21,55,66,1,Matches,8a7ff278
527,James Ward-Prowse,eng ENG,MF,Southampton,28-178,1994,32.5,57,31,25,25,7,19,53,35.8,34,22,5,17,47,104,40,0,Matches,3515d404
528,Ollie Watkins,eng ENG,FW,Aston Villa,27-119,1995,29.8,16,11,3,10,3,8,23,34.8,15,21,4,17,8,24,33,0,Matches,aed3a70f
529,Adam Webster,eng ENG,DF,Brighton,28-114,1995,18.8,18,11,9,6,3,8,13,61.5,5,26,16,10,17,35,48,4,Matches,c40b6180
530,Wout Weghorst,nl NED,FWMF,Manchester Utd,30-264,1992,7.4,7,4,5,0,2,1,5,20.0,4,6,2,4,7,14,7,0,Matches,c4e87b8b
531,Danny Welbeck,eng ENG,FW,Brighton,32-153,1990,16.6,13,6,0,6,7,4,9,44.4,5,18,1,17,3,16,14,0,Matches,ce5143da
532,Ben White,eng ENG,DF,Arsenal,25-202,1997,28.9,54,30,21,27,6,36,60,60.0,24,40,9,31,20,74,72,0,Matches,35e413f1
533,Harvey White,eng ENG,MF,Tottenham,21-221,2001,0.1,0,0,0,0,0,0,1,0.0,1,0,0,0,0,0,0,0,Matches,4d90ce8c
534,Joseph Whitworth,eng ENG,GK,Crystal Palace,19-058,2004,2.0,0,0,0,0,0,0,0,,0,0,0,0,0,0,1,0,Matches,3f847d95
535,Neco Williams,wls WAL,DF,Nott'ham Forest,22-015,2001,20.9,72,47,49,17,6,38,71,53.5,33,33,8,25,33,105,48,0,Matches,dd323728
536,Willian,br BRA,FW,Fulham,34-262,1988,19.0,12,7,7,3,2,7,20,35.0,13,10,0,10,9,21,6,0,Matches,8b9ebd03
537,Joe Willock,eng ENG,MF,Newcastle Utd,23-251,1999,25.0,47,27,11,24,12,25,52,48.1,27,49,8,41,22,69,16,0,Matches,a3b03921
538,Callum Wilson,eng ENG,FW,Newcastle Utd,31-060,1992,16.7,8,2,0,7,1,0,1,0.0,1,5,0,5,1,9,4,0,Matches,c596fcb0
539,Harry Wilson,wls WAL,FW,Fulham,26-037,1997,7.3,17,11,7,8,2,7,15,46.7,8,11,1,10,4,21,10,0,Matches,c6dc9ecd
540,Yoane Wissa,cd COD,FW,Brentford,26-237,1996,14.7,14,9,3,7,4,6,11,54.5,5,9,0,9,6,20,14,0,Matches,2500cef9
541,Maximilian Wöber,at AUT,DF,Leeds United,25-083,1998,9.8,19,14,7,12,0,13,19,68.4,6,16,10,6,18,37,44,1,Matches,4b803b3c
542,Chris Wood,nz NZL,FW,Newcastle Utd,31-142,1991,5.0,5,4,0,3,2,3,5,60.0,2,2,2,0,1,6,7,0,Matches,4e9a0555
543,Chris Wood,nz NZL,FW,Nott'ham Forest,31-142,1991,4.1,0,0,0,0,0,0,1,0.0,1,2,1,1,1,1,2,0,Matches,4e9a0555
544,Joe Worrall,eng ENG,DF,Nott'ham Forest,26-108,1997,20.4,41,18,30,9,2,19,26,73.1,7,28,19,9,21,62,93,1,Matches,a5212312
545,Granit Xhaka,ch SUI,MF,Arsenal,30-213,1992,29.1,30,24,10,15,5,14,33,42.4,19,25,9,16,13,43,38,1,Matches,e61b8aee
546,Ryan Yates,eng ENG,MF,Nott'ham Forest,25-158,1997,16.6,28,15,12,13,3,12,18,66.7,6,22,8,14,8,36,37,0,Matches,c1fe2a48
547,Ashley Young,eng ENG,DF,Aston Villa,37-293,1985,19.8,42,22,29,12,1,30,39,76.9,9,23,10,13,17,59,58,0,Matches,be927d03
548,Illia Zabarnyi,ua UKR,DF,Bournemouth,20-239,2002,0.3,1,1,1,0,0,0,1,0.0,1,0,0,0,0,1,2,0,Matches,88968486
549,Wilfried Zaha,ci CIV,FWMF,Crystal Palace,30-169,1992,22.9,30,18,12,11,7,8,20,40.0,12,20,1,19,15,45,8,0,Matches,b2bc3b1f
550,Denis Zakaria,ch SUI,MF,Chelsea,26-159,1996,4.6,9,5,5,2,2,2,8,25.0,6,4,1,3,3,12,10,0,Matches,384d58d9
551,Jordan Zemura,zw ZIM,DF,Bournemouth,23-165,1999,16.2,39,24,24,14,1,23,43,53.5,20,31,9,22,16,55,32,0,Matches,e8271ad9
552,Oleksandr Zinchenko,ua UKR,DF,Arsenal,26-134,1996,22.1,37,16,14,15,8,21,38,55.3,17,19,2,17,20,57,33,2,Matches,51cf8561
553,Hakim Ziyech,ma MAR,FWMF,Chelsea,30-040,1993,6.7,18,10,11,5,2,4,9,44.4,5,7,0,7,4,22,5,1,Matches,6622454d
554,Kurt Zouma,fr FRA,DF,West Ham,28-183,1994,21.4,9,4,4,5,0,5,8,62.5,3,17,14,3,30,39,118,0,Matches,ce4246f5
555,Martin Ødegaard,no NOR,MF,Arsenal,24-132,1998,30.2,32,20,11,13,8,11,36,30.6,25,17,5,12,5,37,8,0,Matches,79300479