,,,,,,,,Standard,,,,,,,,,,,,Expected,,,,,,-additional
Rk,Player,Nation,Pos,Squad,Age,Born,90s,Gls,Sh,SoT,SoT%,Sh/90,SoT/90,G/Sh,G/SoT,Dist,FK,PK,PKatt,xG,npxG,npxG/Sh,G-xG,np:G-xG,Matches,-9999
1,Brenden Aaronson,us USA,MFFW,Leeds United,22-188,2000,25.5,1,40,9,22.5,1.57,0.35,0.03,0.11,18.5,2,0,0,3.7,3.7,0.09,-2.7,-2.7,Matches,5bc43860
2,Che Adams,sct SCO,FW,Southampton,26-289,1996,21.1,5,42,14,33.3,1.99,0.66,0.12,0.36,13.9,0,0,0,5.9,5.9,0.14,-0.9,-0.9,Matches,f2bf1b0f
3,Tyler Adams,us USA,MF,Leeds United,24-073,1999,24.0,0,4,0,0.0,0.17,0.00,0.00,,27.5,0,0,0,0.1,0.1,0.03,-0.1,-0.1,Matches,2b09d998
4,Tosin Adarabioyo,eng ENG,DF,Fulham,25-216,1997,17.2,1,9,4,44.4,0.52,0.23,0.11,0.25,22.6,1,0,0,0.4,0.4,0.04,+0.6,+0.6,Matches,c81d773d
5,Nayef Aguerd,ma MAR,DF,West Ham,27-029,1996,13.7,1,8,1,12.5,0.58,0.07,0.13,1.00,9.4,0,0,0,1.4,1.4,0.18,-0.4,-0.4,Matches,288e1e13
6,Naouirou Ahamada,fr FRA,MFFW,Crystal Palace,21-030,2002,1.0,0,3,0,0.0,2.90,0.00,0.00,,15.9,0,0,0,0.2,0.2,0.05,-0.2,-0.2,Matches,a6c58494
7,Rayan Aït Nouri,dz ALG,DF,Wolves,21-326,2001,11.5,1,10,5,50.0,0.87,0.44,0.10,0.20,14.1,0,0,0,0.7,0.7,0.07,+0.3,+0.3,Matches,9b398aea
8,Kristoffer Ajer,no NOR,DF,Brentford,25-011,1998,8.5,0,1,0,0.0,0.12,0.00,0.00,,6.0,0,0,0,0.0,0.0,0.04,0.0,0.0,Matches,a8c0acb7
9,Manuel Akanji,ch SUI,DF,Manchester City,27-283,1995,21.6,0,13,2,15.4,0.60,0.09,0.00,0.00,16.8,0,0,0,1.2,1.2,0.09,-1.2,-1.2,Matches,89ac64a6
10,Nathan Aké,nl NED,DF,Manchester City,28-069,1995,18.7,0,7,1,14.3,0.37,0.05,0.00,0.00,11.4,0,0,0,1.0,1.0,0.14,-1.0,-1.0,Matches,eaeca114
11,Marc Albrighton,eng ENG,FWMF,Leicester City,33-161,1989,2.6,1,2,1,50.0,0.76,0.38,0.50,1.00,8.0,0,0,0,0.3,0.3,0.17,+0.7,+0.7,Matches,b827d5b3
12,Thiago Alcántara,es ESP,MF,Liverpool,32-017,1991,13.9,0,10,1,10.0,0.72,0.07,0.00,0.00,24.1,0,0,0,0.4,0.4,0.05,-0.4,-0.4,Matches,77e84962
13,Carlos Alcaraz,ar ARG,MFFW,Southampton,20-149,2002,7.2,3,19,8,42.1,2.65,1.11,0.16,0.38,20.0,0,0,0,1.1,1.1,0.06,+1.9,+1.9,Matches,4abac767
14,Trent Alexander-Arnold,eng ENG,DF,Liverpool,24-203,1998,26.5,1,28,4,14.3,1.06,0.15,0.04,0.25,23.0,4,0,0,1.8,1.8,0.06,-0.8,-0.8,Matches,cd1acf9d
15,Alisson,br BRA,GK,Liverpool,30-208,1992,32.0,0,0,0,,0.00,0.00,,,,0,0,0,0.0,0.0,,0.0,0.0,Matches,7a2e46a8
16,Dele Alli,eng ENG,MF,Everton,27-017,1996,0.4,0,0,0,,0.00,0.00,,,,0,0,0,0.0,0.0,,0.0,0.0,Matches,cea4ee8f
17,Miguel Almirón,py PAR,FW,Newcastle Utd,29-077,1994,23.4,11,54,17,31.5,2.31,0.73,0.20,0.65,16.6,0,0,0,6.4,6.4,0.12,+4.6,+4.6,Matches,862a1c15
18,Julián Álvarez,ar ARG,FWMF,Manchester City,23-087,2000,10.2,7,30,13,43.3,2.94,1.28,0.20,0.46,14.7,0,1,1,5.2,4.4,0.15,+1.8,+1.6,Matches,15ab5a2b
19,Daniel Amartey,gh GHA,DF,Leicester City,28-128,1994,17.9,0,6,2,33.3,0.34,0.11,0.00,0.00,17.4,0,0,0,1.1,1.1,0.18,-1.1,-1.1,Matches,1a4ef233
20,Joachim Andersen,dk DEN,DF,Crystal Palace,26-332,1996,25.9,1,20,9,45.0,0.77,0.35,0.05,0.11,14.6,1,0,0,1.6,1.6,0.08,-0.6,-0.6,Matches,e34fc66d
21,Elliot Anderson,sct SCO,MFFW,Newcastle Utd,20-173,2002,2.4,0,7,3,42.9,2.96,1.27,0.00,0.00,13.0,0,0,0,0.8,0.8,0.12,-0.8,-0.8,Matches,de31038e
22,Jaidon Anthony,eng ENG,MFFW,Bournemouth,23-148,1999,12.3,3,21,12,57.1,1.71,0.98,0.14,0.25,19.1,2,0,0,2.2,2.2,0.10,+0.8,+0.8,Matches,e4238fb1
23,Michail Antonio,jm JAM,FW,West Ham,33-031,1990,16.9,4,32,11,34.4,1.89,0.65,0.13,0.36,12.0,0,0,0,5.0,5.0,0.16,-1.0,-1.0,Matches,ac05f970
24,Antony,br BRA,FW,Manchester Utd,23-063,2000,16.0,4,54,21,38.9,3.38,1.32,0.07,0.19,20.0,0,0,0,4.8,4.8,0.09,-0.8,-0.8,Matches,99127249
25,Cameron Archer,eng ENG,FWMF,Aston Villa,21-281,2001,0.5,0,0,0,,0.00,0.00,,,,0,0,0,0.0,0.0,,0.0,0.0,Matches,05e8ca6d
26,Alphonse Areola,fr FRA,GK,West Ham,30-060,1993,3.4,0,0,0,,0.00,0.00,,,,0,0,0,0.0,0.0,,0.0,0.0,Matches,2f965a72
27,Joe Aribo,ng NGA,MFFW,Southampton,26-281,1996,12.8,2,14,8,57.1,1.09,0.62,0.14,0.25,10.9,0,0,0,1.5,1.5,0.11,+0.5,+0.5,Matches,328f7d51
28,Adam Armstrong,eng ENG,FW,Southampton,26-077,1997,14.0,1,23,11,47.8,1.64,0.78,0.04,0.09,16.1,0,0,0,1.8,1.8,0.08,-0.8,-0.8,Matches,68c720b5
29,Stuart Armstrong,sct SCO,MFFW,Southampton,31-029,1992,12.7,1,20,4,20.0,1.57,0.31,0.05,0.25,18.9,0,0,0,1.6,1.6,0.08,-0.6,-0.6,Matches,97333cf5
30,Kepa Arrizabalaga,es ESP,GK,Chelsea,28-207,1994,23.5,0,0,0,,0.00,0.00,,,,0,0,0,0.0,0.0,,0.0,0.0,Matches,28d596a0
31,Pierre-Emerick Aubameyang,ga GAB,FW,Chelsea,33-314,1989,5.7,1,16,7,43.8,2.83,1.24,0.06,0.14,13.7,0,0,0,1.5,1.5,0.09,-0.5,-0.5,Matches,d5dd5f1f
32,Ludwig Augustinsson,se SWE,DF,Aston Villa,29-007,1994,0.9,0,2,1,50.0,2.34,1.17,0.00,0.00,12.7,0,0,0,0.1,0.1,0.04,-0.1,-0.1,Matches,9fec8860
33,Serge Aurier,ci CIV,DF,Nott'ham Forest,30-125,1992,16.9,1,8,3,37.5,0.47,0.18,0.13,0.33,14.7,0,0,0,0.7,0.7,0.09,+0.3,+0.3,Matches,5c2b4f07
34,Taiwo Awoniyi,ng NGA,FW,Nott'ham Forest,25-259,1997,11.4,4,27,9,33.3,2.37,0.79,0.15,0.44,12.1,0,0,0,5.5,5.5,0.21,-1.5,-1.5,Matches,e5478b87
35,Yasin Ayari,se SWE,MF,Brighton,19-204,2003,0.1,0,1,0,0.0,8.18,0.00,0.00,,29.7,0,0,0,0.0,0.0,0.02,0.0,0.0,Matches,f173303a
36,André Ayew,gh GHA,FWMF,Nott'ham Forest,33-132,1989,3.1,0,3,1,33.3,0.97,0.32,0.00,0.00,19.3,0,0,1,1.0,0.3,0.09,-1.0,-0.3,Matches,5dbefa9d
37,Jordan Ayew,gh GHA,FWMF,Crystal Palace,31-229,1991,25.2,3,26,9,34.6,1.03,0.36,0.12,0.33,15.8,0,0,0,2.8,2.8,0.11,+0.2,+0.2,Matches,da052c14
38,Luke Ayling,eng ENG,DF,Leeds United,31-246,1991,17.8,1,19,4,21.1,1.07,0.22,0.05,0.25,15.9,0,0,0,2.1,2.1,0.11,-1.1,-1.1,Matches,420d7c7d
39,César Azpilicueta,es ESP,DF,Chelsea,33-243,1989,12.8,0,7,1,14.3,0.55,0.08,0.00,0.00,18.4,0,0,0,0.3,0.3,0.05,-0.3,-0.3,Matches,53cad200
40,Benoît Badiashile,fr FRA,DF,Chelsea,22-033,2001,8.1,0,5,1,20.0,0.62,0.12,0.00,0.00,7.2,0,0,0,0.8,0.8,0.16,-0.8,-0.8,Matches,06df8256
41,Leon Bailey,jm JAM,FWMF,Aston Villa,25-262,1997,19.3,4,46,13,28.3,2.39,0.67,0.09,0.31,18.1,2,0,0,4.9,4.9,0.11,-0.9,-0.9,Matches,3a233281
42,Stefan Bajcetic,es ESP,MF,Liverpool,18-188,2004,5.8,1,6,3,50.0,1.03,0.51,0.17,0.33,24.5,0,0,0,0.8,0.8,0.13,+0.2,+0.2,Matches,32e8417f
43,Patrick Bamford,eng ENG,FW,Leeds United,29-235,1993,13.8,3,40,14,35.0,2.89,1.01,0.08,0.21,14.6,1,0,1,6.9,6.1,0.15,-3.9,-3.1,Matches,93feac6e
44,Shandon Baptiste,gd GRN,MF,Brentford,25-020,1998,6.1,0,4,1,25.0,0.66,0.16,0.00,0.00,15.9,0,0,0,0.4,0.4,0.09,-0.4,-0.4,Matches,2886c9b5
45,Harvey Barnes,eng ENG,FWMF,Leicester City,25-140,1997,26.2,10,62,28,45.2,2.37,1.07,0.16,0.36,15.9,0,0,0,8.0,8.0,0.13,+2.0,+2.0,Matches,3ea50f67
46,Gavin Bazunu,ie IRL,GK,Southampton,21-067,2002,32.0,0,0,0,,0.00,0.00,,,,0,0,0,0.0,0.0,,0.0,0.0,Matches,c91441dc
47,Mads Bech Sørensen,dk DEN,DFMF,Brentford,24-111,1999,0.2,0,0,0,,0.00,0.00,,,,0,0,0,0.0,0.0,,0.0,0.0,Matches,30db8574
48,Jan Bednarek,pl POL,DF,Southampton,27-016,1996,13.6,0,7,0,0.0,0.52,0.00,0.00,,15.1,0,0,0,0.4,0.4,0.05,-0.4,-0.4,Matches,4115ce4e
49,Jan Bednarek,pl POL,DF,Aston Villa,27-016,1996,1.1,0,0,0,,0.00,0.00,,,,0,0,0,0.0,0.0,,0.0,0.0,Matches,4115ce4e
50,Donny van de Beek,nl NED,MF,Manchester Utd,26-010,1997,1.9,0,2,0,0.0,1.08,0.00,0.00,,10.1,0,0,0,0.1,0.1,0.05,-0.1,-0.1,Matches,50dc94ce
51,Asmir Begović,ba BIH,GK,Everton,35-312,1987,1.0,0,0,0,,0.00,0.00,,,,0,0,0,0.0,0.0,,0.0,0.0,Matches,7b4de647
52,Armel Bella Kotchap,de GER,DF,Southampton,21-138,2001,19.5,0,14,2,14.3,0.72,0.10,0.00,0.00,16.1,0,0,0,1.0,1.0,0.07,-1.0,-1.0,Matches,a39d11bc
53,Saïd Benrahma,dz ALG,FWMF,West Ham,27-261,1995,20.4,5,62,20,32.3,3.04,0.98,0.02,0.05,21.6,5,4,4,6.7,3.5,0.06,-1.7,-2.5,Matches,5a04fd92
54,Rodrigo Bentancur,uy URU,MF,Tottenham,25-307,1997,16.7,5,15,9,60.0,0.90,0.54,0.33,0.56,15.8,0,0,0,2.2,2.2,0.15,+2.8,+2.8,Matches,3b8674e6
55,Victor Bernth Kristiansen,dk DEN,DF,Leicester City,20-133,2002,9.0,0,3,0,0.0,0.33,0.00,0.00,,18.9,0,0,0,0.1,0.1,0.04,-0.1,-0.1,Matches,505486d6
56,Owen Bevan,wls WAL,DF,Bournemouth,19-184,2003,0.1,0,0,0,,0.00,0.00,,,,0,0,0,0.0,0.0,,0.0,0.0,Matches,87966294
57,Giulian Biancone,fr FRA,DF,Nott'ham Forest,23-028,2000,0.2,0,0,0,,0.00,0.00,,,,0,0,0,0.0,0.0,,0.0,0.0,Matches,de40e38c
58,Philip Billing,dk DEN,MFFW,Bournemouth,26-321,1996,27.5,7,35,17,48.6,1.27,0.62,0.20,0.41,19.1,5,0,0,4.1,4.1,0.12,+2.9,+2.9,Matches,d328a254
59,Yves Bissouma,ml MLI,MF,Tottenham,26-241,1996,9.0,0,5,0,0.0,0.55,0.00,0.00,,26.2,0,0,0,0.2,0.2,0.03,-0.2,-0.2,Matches,6c203af0
60,Willy Boly,ci CIV,DF,Nott'ham Forest,32-084,1991,6.6,0,1,0,0.0,0.15,0.00,0.00,,22.1,0,0,0,0.0,0.0,0.02,0.0,0.0,Matches,a4ac4b8f
61,Sven Botman,nl NED,DF,Newcastle Utd,23-106,2000,28.7,0,17,5,29.4,0.59,0.17,0.00,0.00,11.2,0,0,0,1.3,1.3,0.08,-1.3,-1.3,Matches,ccce7025
62,Jarrod Bowen,eng ENG,FWMF,West Ham,26-129,1996,31.7,5,66,16,24.2,2.08,0.50,0.06,0.25,16.7,1,1,2,7.9,6.9,0.10,-2.9,-2.9,Matches,79c84d1c
63,James Bree,eng ENG,DF,Southampton,25-199,1997,2.2,0,0,0,,0.00,0.00,,,,0,0,0,0.0,0.0,,0.0,0.0,Matches,c07b7c5c
64,Armando Broja,al ALB,FW,Chelsea,21-230,2001,3.3,1,6,5,83.3,1.84,1.53,0.17,0.20,11.0,0,0,0,0.8,0.8,0.14,+0.2,+0.2,Matches,97220da2
65,David Brooks,wls WAL,DFFW,Bournemouth,25-294,1997,0.3,0,1,0,0.0,2.90,0.00,0.00,,16.4,0,0,0,0.0,0.0,0.04,0.0,0.0,Matches,dc4cae05
66,Lewis Brunt,eng ENG,DF,Leicester City,22-173,2000,0.3,0,0,0,,0.00,0.00,,,,0,0,0,0.0,0.0,,0.0,0.0,Matches,a2081c6b
67,Bryan,es ESP,MFFW,Tottenham,22-076,2001,1.6,0,2,1,50.0,1.22,0.61,0.00,0.00,19.4,0,0,0,0.1,0.1,0.05,-0.1,-0.1,Matches,7b5ab7f2
68,Emi Buendía,ar ARG,MFFW,Aston Villa,26-124,1996,23.8,5,41,9,22.0,1.72,0.38,0.12,0.56,15.9,1,0,0,5.7,5.7,0.14,-0.7,-0.7,Matches,66b76d44
69,Hugo Bueno,es ESP,DF,Wolves,20-222,2002,12.7,0,4,1,25.0,0.31,0.08,0.00,0.00,18.5,0,0,0,0.2,0.2,0.04,-0.2,-0.2,Matches,bfc3b3a0
70,Facundo Buonanotte,ar ARG,MFFW,Brighton,18-126,2004,1.6,1,3,1,33.3,1.86,0.62,0.33,1.00,13.9,0,0,0,0.9,0.9,0.28,+0.1,+0.1,Matches,468a7a91
71,Dan Burn,eng ENG,DF,Newcastle Utd,30-354,1992,29.5,0,15,3,20.0,0.51,0.10,0.00,0.00,11.0,0,0,0,1.4,1.4,0.09,-1.4,-1.4,Matches,b2d31e83
72,Cafú,pt POR,MF,Nott'ham Forest,30-061,1993,0.1,0,0,0,,0.00,0.00,,,,0,0,0,0.0,0.0,,0.0,0.0,Matches,85322440
73,Moisés Caicedo,ec ECU,MF,Brighton,21-177,2001,28.1,1,20,7,35.0,0.71,0.25,0.05,0.14,23.8,0,0,0,1.3,1.3,0.07,-0.3,-0.3,Matches,16264a81
74,Tom Cairney,sct SCO,MF,Fulham,32-098,1991,6.4,0,12,0,0.0,1.87,0.00,0.00,,19.8,0,0,0,0.7,0.7,0.06,-0.7,-0.7,Matches,a8748947
75,Duje Ćaleta-Car,hr CRO,DF,Southampton,26-223,1996,10.5,1,5,2,40.0,0.48,0.19,0.20,0.50,12.0,0,0,0,0.8,0.8,0.16,+0.2,+0.2,Matches,94f8d10c
76,Dominic Calvert-Lewin,eng ENG,FW,Everton,26-043,1997,10.0,1,22,7,31.8,2.20,0.70,0.05,0.14,12.5,0,0,0,3.4,3.4,0.15,-2.4,-2.4,Matches,59e6e5bf
77,Chem Campbell,wls WAL,FWMF,Wolves,20-119,2002,0.8,0,2,0,0.0,2.43,0.00,0.00,,11.3,0,0,0,0.1,0.1,0.05,-0.1,-0.1,Matches,6f711f67
78,João Cancelo,pt POR,DF,Manchester City,28-336,1994,14.2,2,17,3,17.6,1.20,0.21,0.12,0.67,22.7,0,0,0,0.8,0.8,0.05,+1.2,+1.2,Matches,bd6351cd
79,Thomas Cannon,ie IRL,FW,Everton,20-121,2002,0.3,0,1,1,100.0,3.60,3.60,0.00,0.00,10.8,0,0,0,0.1,0.1,0.09,-0.1,-0.1,Matches,4506aec5
80,Sergi Canós,es ESP,FWDF,Brentford,26-085,1997,0.9,0,1,0,0.0,1.17,0.00,0.00,,16.1,0,0,0,0.1,0.1,0.07,-0.1,-0.1,Matches,1137759d
81,Diego Carlos,br BRA,DF,Aston Villa,30-044,1993,2.0,0,4,0,0.0,2.01,0.00,0.00,,15.7,0,0,0,0.4,0.4,0.09,-0.4,-0.4,Matches,b4a014b1
82,Fabio Carvalho,pt POR,MFFW,Liverpool,20-241,2002,3.8,2,11,4,36.4,2.91,1.06,0.18,0.50,11.5,0,0,0,1.1,1.1,0.10,+0.9,+0.9,Matches,966e28d0
83,Casemiro,br BRA,MF,Manchester Utd,31-064,1992,16.9,2,18,5,27.8,1.07,0.30,0.11,0.40,21.8,0,0,0,2.1,2.1,0.12,-0.1,-0.1,Matches,4d224fe8
84,Matty Cash,pl POL,DF,Aston Villa,25-264,1997,18.2,0,7,1,14.3,0.38,0.05,0.00,0.00,26.9,0,0,0,0.2,0.2,0.03,-0.2,-0.2,Matches,2389cdc2
85,Timothy Castagne,be BEL,DF,Leicester City,27-144,1995,31.2,2,17,4,23.5,0.55,0.13,0.12,0.50,11.4,0,0,0,2.0,2.0,0.12,0.0,0.0,Matches,197640fd
86,Jonny Castro,es ESP,DF,Wolves,29-056,1994,14.0,1,9,2,22.2,0.64,0.14,0.11,0.50,24.1,0,0,0,0.3,0.3,0.03,+0.7,+0.7,Matches,e28868f3
87,Julio César Enciso,py PAR,FWMF,Brighton,19-095,2004,3.7,2,21,13,61.9,5.71,3.53,0.10,0.15,20.2,0,0,0,2.3,2.3,0.11,-0.3,-0.3,Matches,9cfbad36
88,Nathaniel Chalobah,eng ENG,MF,Fulham,28-137,1994,0.1,0,1,1,100.0,7.50,7.50,0.00,0.00,10.1,0,0,0,0.1,0.1,0.09,-0.1,-0.1,Matches,422862ea
89,Trevoh Chalobah,eng ENG,DF,Chelsea,23-297,1999,13.3,0,6,1,16.7,0.45,0.08,0.00,0.00,10.5,0,0,0,0.6,0.6,0.09,-0.6,-0.6,Matches,5515376c
90,Calum Chambers,eng ENG,DFMF,Aston Villa,28-098,1995,3.6,0,1,0,0.0,0.28,0.00,0.00,,29.2,0,0,0,0.0,0.0,0.03,0.0,0.0,Matches,dc6f5bdd
91,Ben Chilwell,eng ENG,DFMF,Chelsea,26-128,1996,13.8,2,15,3,20.0,1.09,0.22,0.13,0.67,16.3,0,0,0,1.2,1.2,0.08,+0.8,+0.8,Matches,d2424d1b
92,Ryan Christie,sct SCO,MFFW,Bournemouth,28-065,1995,16.4,1,27,8,29.6,1.65,0.49,0.04,0.13,14.6,0,0,0,2.1,2.1,0.08,-1.1,-1.1,Matches,26ce2263
93,Carney Chukwuemeka,eng ENG,MFFW,Chelsea,19-190,2003,2.6,0,4,1,25.0,1.55,0.39,0.00,0.00,16.4,0,0,0,0.3,0.3,0.07,-0.3,-0.3,Matches,b2f9c73e
94,Bobby Clark,eng ENG,MF,Liverpool,18-080,2005,0.1,0,0,0,,0.00,0.00,,,,0,0,0,0.0,0.0,,0.0,0.0,Matches,73341ace
95,Nathaniel Clyne,eng ENG,DF,Crystal Palace,32-023,1991,18.2,0,0,0,,0.00,0.00,,,,0,0,0,0.0,0.0,,0.0,0.0,Matches,0442183b
96,Conor Coady,eng ENG,DF,Everton,30-062,1993,21.9,1,4,2,50.0,0.18,0.09,0.25,0.50,8.5,0,0,0,0.8,0.8,0.21,+0.2,+0.2,Matches,2928dca2
97,Jack Colback,eng ENG,MF,Nott'ham Forest,33-186,1989,5.5,0,0,0,,0.00,0.00,,,,0,0,0,0.0,0.0,,0.0,0.0,Matches,963a9201
98,Séamus Coleman,ie IRL,DF,Everton,34-199,1988,17.9,1,6,2,33.3,0.33,0.11,0.17,0.50,21.9,0,0,0,0.3,0.3,0.06,+0.7,+0.7,Matches,0420d84f
99,Nathan Collins,ie IRL,DF,Wolves,21-363,2001,17.6,0,2,0,0.0,0.11,0.00,0.00,,10.8,0,0,0,0.1,0.1,0.04,-0.1,-0.1,Matches,a8c19eb8
100,Levi Colwill,eng ENG,DF,Brighton,20-061,2003,8.9,0,4,0,0.0,0.45,0.00,0.00,,7.3,0,0,0,0.6,0.6,0.16,-0.6,-0.6,Matches,700783e7
101,Lewis Cook,eng ENG,MF,Bournemouth,26-084,1997,17.4,0,5,0,0.0,0.29,0.00,0.00,,28.0,1,0,0,0.2,0.2,0.04,-0.2,-0.2,Matches,2afc7272
102,Steve Cook,eng ENG,DF,Nott'ham Forest,32-009,1991,10.6,0,3,0,0.0,0.28,0.00,0.00,,14.2,0,0,0,0.1,0.1,0.05,-0.1,-0.1,Matches,3e5e4e63
103,Liam Cooper,sct SCO,DF,Leeds United,31-241,1991,14.5,1,10,2,20.0,0.69,0.14,0.10,0.50,9.5,0,0,0,1.0,1.0,0.11,0.0,0.0,Matches,dc64b8b3
104,Maxwel Cornet,ci CIV,FW,West Ham,26-213,1996,1.8,0,7,2,28.6,3.82,1.09,0.00,0.00,13.0,0,0,0,1.1,1.1,0.16,-1.1,-1.1,Matches,beb391dd
105,Diego Costa,es ESP,FW,Wolves,34-203,1988,11.3,1,26,12,46.2,2.30,1.06,0.04,0.08,11.9,0,0,0,2.8,2.8,0.11,-1.8,-1.8,Matches,a190d597
106,Vladimír Coufal,cz CZE,DF,West Ham,30-249,1992,20.1,0,5,0,0.0,0.25,0.00,0.00,,24.3,0,0,0,0.3,0.3,0.05,-0.3,-0.3,Matches,fdf3cb77
107,Philippe Coutinho,br BRA,MFFW,Aston Villa,30-320,1992,8.8,1,21,8,38.1,2.40,0.91,0.05,0.13,21.6,2,0,0,1.4,1.4,0.07,-0.4,-0.4,Matches,0ef89a37
108,Conor Coventry,ie IRL,MFFW,West Ham,23-034,2000,0.0,0,0,0,,0.00,0.00,,,,0,0,0,0.0,0.0,,0.0,0.0,Matches,a5ca9127
109,Aaron Cresswell,eng ENG,DF,West Ham,33-134,1989,21.6,0,9,1,11.1,0.42,0.05,0.00,0.00,22.5,4,0,0,0.3,0.3,0.04,-0.3,-0.3,Matches,4f974391
110,Marc Cucurella,es ESP,DF,Chelsea,24-280,1998,18.6,0,7,0,0.0,0.38,0.00,0.00,,19.7,0,0,0,0.4,0.4,0.06,-0.4,-0.4,Matches,1daec722
111,Matheus Cunha,br BRA,FW,Wolves,23-336,1999,9.3,2,24,7,29.2,2.59,0.75,0.08,0.29,19.4,0,0,0,1.8,1.8,0.08,+0.2,+0.2,Matches,dc62b55d
112,Patson Daka,zm ZAM,FW,Leicester City,24-201,1998,12.0,4,30,16,53.3,2.49,1.33,0.13,0.25,14.6,0,0,0,3.5,3.5,0.12,+0.5,+0.5,Matches,ca45605e
113,Diogo Dalot,pt POR,DF,Manchester Utd,24-041,1999,20.9,1,21,6,28.6,1.01,0.29,0.05,0.17,19.4,0,0,0,2.4,2.4,0.12,-1.4,-1.4,Matches,d9565625
114,Mikkel Damsgaard,dk DEN,MFFW,Brentford,22-299,2000,8.1,0,6,4,66.7,0.74,0.49,0.00,0.00,19.0,0,0,0,0.6,0.6,0.10,-0.6,-0.6,Matches,215f3907
115,Danilo,br BRA,MF,Nott'ham Forest,21-364,2001,7.1,1,10,2,20.0,1.42,0.28,0.10,0.50,23.7,0,0,0,0.5,0.5,0.05,+0.5,+0.5,Matches,a816dbfb
116,Arnaut Danjuma,nl NED,FWMF,Tottenham,26-087,1997,1.0,1,4,3,75.0,3.96,2.97,0.25,0.33,14.1,0,0,0,0.6,0.6,0.14,+0.4,+0.4,Matches,f08490a6
117,Josh Dasilva,eng ENG,MF,Brentford,24-187,1998,14.5,3,15,5,33.3,1.04,0.35,0.20,0.60,19.8,0,0,0,1.4,1.4,0.09,+1.6,+1.6,Matches,60344e4f
118,Ben Davies,wls WAL,DF,Tottenham,30-004,1993,20.5,2,14,5,35.7,0.68,0.24,0.14,0.40,16.7,0,0,0,1.0,1.0,0.07,+1.0,+1.0,Matches,44781702
119,Tom Davies,eng ENG,MF,Everton,24-302,1998,6.0,0,9,2,22.2,1.51,0.33,0.00,0.00,15.7,0,0,0,1.2,1.2,0.13,-1.2,-1.2,Matches,9228b07c
120,Craig Dawson,eng ENG,DF,West Ham,32-357,1990,8.0,0,6,1,16.7,0.75,0.12,0.00,0.00,15.1,0,0,0,0.5,0.5,0.08,-0.5,-0.5,Matches,3e9e06cb
121,Craig Dawson,eng ENG,DF,Wolves,32-357,1990,12.2,1,10,2,20.0,0.82,0.16,0.10,0.50,11.5,0,0,0,0.9,0.9,0.09,+0.1,+0.1,Matches,3e9e06cb
122,Kevin De Bruyne,be BEL,MF,Manchester City,31-304,1991,25.1,7,64,21,32.8,2.55,0.84,0.11,0.33,23.0,7,0,0,5.5,5.5,0.09,+1.5,+1.5,Matches,e46012d4
123,Siriki Dembélé,ci CIV,FWMF,Bournemouth,26-233,1996,1.2,0,2,2,100.0,1.64,1.64,0.00,0.00,16.6,0,0,0,0.2,0.2,0.09,-0.2,-0.2,Matches,11f54bd5
124,Leander Dendoncker,be BEL,MF,Aston Villa,28-013,1995,7.0,0,2,0,0.0,0.29,0.00,0.00,,26.9,0,0,0,0.1,0.1,0.03,-0.1,-0.1,Matches,5a7301ae
125,Leander Dendoncker,be BEL,MF,Wolves,28-013,1995,2.4,0,3,2,66.7,1.26,0.84,0.00,0.00,16.7,0,0,0,0.7,0.7,0.22,-0.7,-0.7,Matches,5a7301ae
126,Emmanuel Dennis,ng NGA,FWMF,Nott'ham Forest,25-164,1997,7.8,2,20,6,30.0,2.57,0.77,0.10,0.33,12.8,2,0,0,1.8,1.8,0.09,+0.2,+0.2,Matches,2c44a35d
127,Halil Dervişoğlu,tr TUR,MF,Brentford,23-141,1999,0.1,0,1,0,0.0,11.25,0.00,0.00,,31.9,0,0,0,0.0,0.0,0.03,0.0,0.0,Matches,9d8cf204
128,Kiernan Dewsbury-Hall,eng ENG,MF,Leicester City,24-234,1998,24.7,2,25,6,24.0,1.01,0.24,0.08,0.33,21.4,0,0,0,2.3,2.3,0.09,-0.3,-0.3,Matches,5c74c0f5
129,Ibrahima Diallo,fr FRA,MF,Southampton,24-051,1999,9.1,0,6,0,0.0,0.66,0.00,0.00,,28.4,0,0,0,0.2,0.2,0.03,-0.2,-0.2,Matches,11ff3d56
130,Rúben Dias,pt POR,DF,Manchester City,25-349,1997,19.2,0,10,2,20.0,0.52,0.10,0.00,0.00,9.1,0,0,0,1.3,1.3,0.13,-1.3,-1.3,Matches,31c69ef1
131,Luis Díaz,co COL,FW,Liverpool,26-105,1997,7.4,3,18,7,38.9,2.44,0.95,0.17,0.43,13.5,0,0,0,1.8,1.8,0.10,+1.2,+1.2,Matches,4a1a9578
132,Eric Dier,eng ENG,DF,Tottenham,29-103,1994,30.3,2,17,4,23.5,0.56,0.13,0.12,0.50,11.8,2,0,0,1.6,1.6,0.10,+0.4,+0.4,Matches,ac861941
133,Lucas Digne,fr FRA,DF,Aston Villa,29-282,1993,14.9,1,7,3,42.9,0.47,0.20,0.14,0.33,20.3,3,0,0,0.3,0.3,0.05,+0.7,+0.7,Matches,1b84dbe1
134,Issa Diop,fr FRA,DF,Fulham,26-109,1997,16.7,1,3,2,66.7,0.18,0.12,0.33,0.50,12.3,0,0,0,0.3,0.3,0.09,+0.7,+0.7,Matches,a712ca2b
135,Moussa Djenepo,ml MLI,DFFW,Southampton,24-317,1998,7.0,0,3,2,66.7,0.43,0.29,0.00,0.00,13.8,0,0,0,0.2,0.2,0.06,-0.2,-0.2,Matches,254147d4
136,Ben Doak,sct SCO,FW,Liverpool,17-168,2005,0.3,0,0,0,,0.00,0.00,,,,0,0,0,0.0,0.0,,0.0,0.0,Matches,733f1a7d
137,Matt Doherty,ie IRL,DFMF,Tottenham,31-102,1992,7.4,1,10,2,20.0,1.35,0.27,0.10,0.50,12.1,0,0,0,0.8,0.8,0.08,+0.2,+0.2,Matches,d557d734
138,Gabriel Dos Santos,br BRA,DF,Arsenal,25-130,1997,32.9,3,29,9,31.0,0.88,0.27,0.10,0.33,12.4,0,0,0,4.6,4.6,0.16,-1.6,-1.6,Matches,67ac5bb8
139,Abdoulaye Doucouré,ml MLI,MF,Everton,30-117,1993,12.0,2,13,3,23.1,1.08,0.25,0.15,0.67,11.8,0,0,0,1.6,1.6,0.12,+0.4,+0.4,Matches,02b29014
140,Cheick Doucouré,ml MLI,MF,Crystal Palace,23-110,2000,26.1,0,31,6,19.4,1.19,0.23,0.00,0.00,24.9,0,0,0,1.2,1.2,0.04,-1.2,-1.2,Matches,ce4f40c7
141,Flynn Downes,eng ENG,MF,West Ham,24-098,1999,5.5,0,4,1,25.0,0.73,0.18,0.00,0.00,14.6,0,0,0,0.4,0.4,0.11,-0.4,-0.4,Matches,69fdb896
142,Cody Drameh,eng ENG,DF,Leeds United,21-141,2001,0.8,0,0,0,,0.00,0.00,,,,0,0,0,0.0,0.0,,0.0,0.0,Matches,e0d1510a
143,Martin Dúbravka,sk SVK,GK,Newcastle Utd,34-103,1989,0.7,0,0,0,,0.00,0.00,,,,0,0,0,0.0,0.0,,0.0,0.0,Matches,3a949a25
144,Shane Duffy,ie IRL,FWDF,Fulham,31-117,1992,0.1,0,0,0,,0.00,0.00,,,,0,0,0,0.0,0.0,,0.0,0.0,Matches,7314bba4
145,Lewis Dunk,eng ENG,DF,Brighton,31-158,1991,30.0,1,21,3,14.3,0.70,0.10,0.05,0.33,11.7,1,0,0,1.6,1.6,0.08,-0.6,-0.6,Matches,282f75f3
146,Jhon Durán,co COL,FW,Aston Villa,19-136,2003,0.9,0,7,2,28.6,7.50,2.14,0.00,0.00,19.8,0,0,0,0.6,0.6,0.08,-0.6,-0.6,Matches,414184f7
147,Malcolm Ebiowei,eng ENG,MFFW,Crystal Palace,19-236,2003,0.4,0,0,0,,0.00,0.00,,,,0,0,0,0.0,0.0,,0.0,0.0,Matches,fa9fa773
148,Ederson,br BRA,GK,Manchester City,29-254,1993,31.0,0,0,0,,0.00,0.00,,,,0,0,0,0.0,0.0,,0.0,0.0,Matches,3bb7b8b4
149,Odsonne Édouard,fr FRA,FW,Crystal Palace,25-102,1998,17.8,4,36,13,36.1,2.02,0.73,0.11,0.31,12.4,0,0,0,3.8,3.8,0.11,+0.2,+0.2,Matches,0562b7f1
150,Samuel Edozie,eng ENG,FWMF,Southampton,20-090,2003,6.1,0,8,3,37.5,1.30,0.49,0.00,0.00,16.5,0,0,0,0.9,0.9,0.11,-0.9,-0.9,Matches,007414dd
151,Anthony Elanga,se SWE,FW,Manchester Utd,21-001,2002,4.7,0,10,4,40.0,2.11,0.85,0.00,0.00,13.8,0,0,0,0.7,0.7,0.07,-0.7,-0.7,Matches,2fba6108
152,Harvey Elliott,eng ENG,MFFW,Liverpool,20-024,2003,16.6,1,29,10,34.5,1.74,0.60,0.03,0.10,18.9,0,0,0,1.8,1.8,0.06,-0.8,-0.8,Matches,c8387671
153,Mohamed Elneny,eg EGY,MF,Arsenal,30-291,1992,1.3,0,0,0,,0.00,0.00,,,,0,0,0,0.0,0.0,,0.0,0.0,Matches,47a34c4f
154,Mohamed Elyounoussi,no NOR,MFFW,Southampton,28-267,1994,22.2,0,32,8,25.0,1.44,0.36,0.00,0.00,16.6,0,0,0,2.7,2.7,0.09,-2.7,-2.7,Matches,68dc0dac
155,Emerson,br BRA,DF,Tottenham,24-104,1999,15.5,2,15,6,40.0,0.97,0.39,0.13,0.33,16.1,0,0,0,1.6,1.6,0.11,+0.4,+0.4,Matches,df8b52a5
156,Christian Eriksen,dk DEN,MF,Manchester Utd,31-073,1992,18.2,1,29,9,31.0,1.59,0.49,0.03,0.11,18.4,4,0,0,3.6,3.6,0.13,-2.6,-2.6,Matches,980522ec
157,Pervis Estupiñán,ec ECU,DF,Brighton,25-097,1998,22.2,0,19,2,10.5,0.85,0.09,0.00,0.00,20.1,0,0,0,0.8,0.8,0.04,-0.8,-0.8,Matches,d38fdf53
158,Jonny Evans,nir NIR,DF,Leicester City,35-115,1988,9.0,0,1,1,100.0,0.11,0.11,0.00,0.00,3.8,0,0,0,0.2,0.2,0.17,-0.2,-0.2,Matches,f8fcd2a5
159,Eberechi Eze,eng ENG,MFFW,Crystal Palace,24-303,1998,24.3,7,57,21,36.8,2.35,0.86,0.12,0.33,22.6,11,0,0,4.8,4.8,0.08,+2.2,+2.2,Matches,ae4fc6a4
160,Łukasz Fabiański,pl POL,GK,West Ham,38-010,1985,28.6,0,0,0,,0.00,0.00,,,,0,0,0,0.0,0.0,,0.0,0.0,Matches,9328b835
161,Fabinho,br BRA,MF,Liverpool,29-187,1993,24.2,0,16,4,25.0,0.66,0.17,0.00,0.00,21.2,0,0,0,0.7,0.7,0.04,-0.7,-0.7,Matches,7f3b388c
162,Wout Faes,be BEL,DF,Leicester City,25-025,1998,26.0,0,11,2,18.2,0.42,0.08,0.00,0.00,12.5,0,0,0,0.9,0.9,0.08,-0.9,-0.9,Matches,9c221d14
163,Felipe,br BRA,DF,Nott'ham Forest,33-347,1989,11.9,0,9,1,11.1,0.76,0.08,0.00,0.00,10.1,0,0,0,0.7,0.7,0.08,-0.7,-0.7,Matches,51a3c4c8
164,João Félix,pt POR,FWMF,Chelsea,23-169,1999,8.9,2,36,13,36.1,4.03,1.46,0.06,0.15,18.3,2,0,0,3.6,3.6,0.10,-1.6,-1.6,Matches,8aafd64f
165,Evan Ferguson,ie IRL,FW,Brighton,18-191,2004,6.7,4,23,12,52.2,3.44,1.80,0.17,0.33,15.8,0,0,0,3.5,3.5,0.15,+0.5,+0.5,Matches,4596da74
166,Bruno Fernandes,pt POR,MFFW,Manchester Utd,28-232,1994,30.0,5,68,24,35.3,2.27,0.80,0.06,0.17,20.7,4,1,1,6.7,5.9,0.09,-1.7,-1.9,Matches,507c7bdf
167,Enzo Fernández,ar ARG,MF,Chelsea,22-101,2001,11.4,0,13,2,15.4,1.14,0.18,0.00,0.00,23.2,1,0,0,0.6,0.6,0.05,-0.6,-0.6,Matches,5ff4ab71
168,Roberto Firmino,br BRA,FWMF,Liverpool,31-208,1991,12.6,9,37,23,62.2,2.93,1.82,0.24,0.39,12.5,0,0,0,4.9,4.9,0.13,+4.1,+4.1,Matches,4c370d81
169,Junior Firpo,es ESP,DF,Leeds United,26-249,1996,12.9,1,1,1,100.0,0.08,0.08,1.00,1.00,10.9,0,0,0,0.1,0.1,0.07,+0.9,+0.9,Matches,24f59bb2
170,Phil Foden,eng ENG,FW,Manchester City,22-335,2000,15.7,9,35,19,54.3,2.23,1.21,0.26,0.47,14.6,1,0,0,4.8,4.8,0.14,+4.2,+4.2,Matches,ed1e53f3
171,Datro Fofana,ci CIV,FW,Chelsea,20-127,2002,0.7,0,3,1,33.3,4.43,1.48,0.00,0.00,19.1,0,0,0,0.2,0.2,0.08,-0.2,-0.2,Matches,e82900ef
172,Wesley Fofana,fr FRA,DF,Leicester City,22-132,2000,2.0,0,2,1,50.0,1.00,0.50,0.00,0.00,10.1,0,0,0,0.1,0.1,0.06,-0.1,-0.1,Matches,132a82f1
173,Wesley Fofana,fr FRA,DF,Chelsea,22-132,2000,9.7,1,6,2,33.3,0.62,0.21,0.17,0.50,11.4,0,0,0,0.7,0.7,0.12,+0.3,+0.3,Matches,132a82f1
174,Pablo Fornals,es ESP,FWMF,West Ham,27-065,1996,12.5,2,19,6,31.6,1.52,0.48,0.11,0.33,22.4,0,0,0,1.7,1.7,0.09,+0.3,+0.3,Matches,82927de4
175,Adam Forshaw,eng ENG,MF,Leeds United,31-202,1991,2.0,0,0,0,,0.00,0.00,,,,0,0,0,0.0,0.0,,0.0,0.0,Matches,9f1938ab
176,Fraser Forster,eng ENG,GK,Tottenham,35-042,1988,8.5,0,0,0,,0.00,0.00,,,,0,0,0,0.0,0.0,,0.0,0.0,Matches,c3e39f12
177,Tyrese Francois,au AUS,FW,Fulham,22-286,2000,0.0,0,0,0,,0.00,0.00,,,,0,0,0,0.0,0.0,,0.0,0.0,Matches,6722d4f0
178,Ryan Fraser,sct SCO,FW,Newcastle Utd,29-063,1994,3.5,0,6,1,16.7,1.73,0.29,0.00,0.00,16.6,0,0,0,0.3,0.3,0.05,-0.3,-0.3,Matches,d56543a0
179,Fred,br BRA,MF,Manchester Utd,30-054,1993,11.7,2,25,5,20.0,2.13,0.43,0.08,0.40,19.4,0,0,0,1.9,1.9,0.08,+0.1,+0.1,Matches,b853e0ad
180,Ryan Fredericks,eng ENG,DF,Bournemouth,30-200,1992,5.9,0,0,0,,0.00,0.00,,,,0,0,0,0.0,0.0,,0.0,0.0,Matches,c067631c
181,Remo Freuler,ch SUI,MF,Nott'ham Forest,31-013,1992,24.0,0,8,1,12.5,0.33,0.04,0.00,0.00,20.0,0,0,0,0.4,0.4,0.05,-0.4,-0.4,Matches,98d2c2c4
182,Cody Gakpo,nl NED,FW,Liverpool,23-356,1999,11.7,6,30,8,26.7,2.55,0.68,0.20,0.75,13.8,0,0,0,4.2,4.2,0.14,+1.8,+1.8,Matches,1971591f
183,Conor Gallagher,eng ENG,MFFW,Chelsea,23-081,2000,13.4,2,19,8,42.1,1.42,0.60,0.11,0.25,18.4,0,0,0,1.5,1.5,0.08,+0.5,+0.5,Matches,c2731c10
184,Idrissa Gana Gueye,sn SEN,MF,Everton,33-214,1989,24.2,0,10,4,40.0,0.41,0.17,0.00,0.00,26.0,1,0,0,0.4,0.4,0.04,-0.4,-0.4,Matches,72c812f3
185,Alejandro Garnacho,es ESP,FWMF,Manchester Utd,18-301,2004,5.0,2,16,6,37.5,3.18,1.19,0.13,0.33,16.1,0,0,0,1.6,1.6,0.10,+0.4,+0.4,Matches,7aa8adfe
186,James Garner,eng ENG,MF,Everton,22-046,2001,4.1,0,6,2,33.3,1.46,0.49,0.00,0.00,23.3,0,0,0,0.2,0.2,0.04,-0.2,-0.2,Matches,4e015693
187,David de Gea,es ESP,GK,Manchester Utd,32-172,1990,31.0,0,0,0,,0.00,0.00,,,,0,0,0,0.0,0.0,,0.0,0.0,Matches,7ba6d84e
188,Joe Gelhardt,eng ENG,FW,Leeds United,20-359,2002,2.4,0,10,2,20.0,4.25,0.85,0.00,0.00,23.5,1,0,0,0.8,0.8,0.08,-0.8,-0.8,Matches,01962d0d
189,Saman Ghoddos,ir IRN,MFDF,Brentford,29-234,1993,1.3,0,1,1,100.0,0.77,0.77,0.00,0.00,19.2,0,0,0,0.0,0.0,0.05,0.0,0.0,Matches,f7b1d4e0
190,Morgan Gibbs-White,eng ENG,FWMF,Wolves,23-091,2000,2.0,0,3,1,33.3,1.50,0.50,0.00,0.00,11.5,0,0,0,0.7,0.7,0.24,-0.7,-0.7,Matches,32f60ed8
191,Morgan Gibbs-White,eng ENG,MFFW,Nott'ham Forest,23-091,2000,28.0,4,51,17,33.3,1.82,0.61,0.06,0.18,20.0,3,1,1,4.8,4.0,0.08,-0.8,-1.0,Matches,32f60ed8
192,Billy Gilmour,sct SCO,MF,Brighton,21-321,2001,1.8,0,2,0,0.0,1.10,0.00,0.00,,17.1,0,0,0,0.2,0.2,0.11,-0.2,-0.2,Matches,df10e27c
193,Degnand Gnonto,it ITA,FWMF,Leeds United,19-174,2003,12.4,2,18,7,38.9,1.45,0.56,0.11,0.29,18.8,0,0,0,1.4,1.4,0.08,+0.6,+0.6,Matches,75fdd638
194,Ben Godfrey,eng ENG,DF,Everton,25-103,1998,8.9,0,6,0,0.0,0.67,0.00,0.00,,13.1,0,0,0,1.2,1.2,0.21,-1.2,-1.2,Matches,9f7c837d
195,João Gomes,br BRA,MFFW,Wolves,22-075,2001,4.8,1,3,1,33.3,0.62,0.21,0.33,1.00,21.9,0,0,0,0.2,0.2,0.09,+0.8,+0.8,Matches,8b57ad2c
196,Toti Gomes,pt POR,DF,Wolves,24-102,1999,7.5,0,2,1,50.0,0.27,0.13,0.00,0.00,8.5,0,0,0,0.1,0.1,0.06,-0.1,-0.1,Matches,f0caab96
197,Joe Gomez,eng ENG,DF,Liverpool,25-340,1997,15.3,0,5,1,20.0,0.33,0.07,0.00,0.00,23.0,0,0,0,0.2,0.2,0.03,-0.2,-0.2,Matches,7a11550b
198,Sergio Gómez,es ESP,DFMF,Manchester City,22-236,2000,1.9,0,4,0,0.0,2.07,0.00,0.00,,20.0,0,0,0,0.3,0.3,0.06,-0.3,-0.3,Matches,01e5f06e
199,Anthony Gordon,eng ENG,FWMF,Newcastle Utd,22-063,2001,3.8,0,5,1,20.0,1.33,0.27,0.00,0.00,15.3,0,0,0,0.6,0.6,0.13,-0.6,-0.6,Matches,2bd83368
200,Anthony Gordon,eng ENG,FW,Everton,22-063,2001,12.2,3,26,16,61.5,2.14,1.32,0.12,0.19,16.6,1,0,0,3.3,3.3,0.13,-0.3,-0.3,Matches,2bd83368
201,Demarai Gray,eng ENG,FWMF,Everton,26-304,1996,26.2,4,50,20,40.0,1.91,0.76,0.04,0.10,19.8,7,2,2,5.6,4.0,0.08,-1.6,-2.0,Matches,4468ec10
202,Jack Grealish,eng ENG,FW,Manchester City,27-230,1995,20.7,5,35,12,34.3,1.69,0.58,0.14,0.42,15.0,0,0,0,4.2,4.2,0.12,+0.8,+0.8,Matches,b0b4fd3e
203,Sam Greenwood,eng ENG,MFFW,Leeds United,21-092,2002,3.8,1,11,2,18.2,2.92,0.53,0.09,0.50,24.3,5,0,0,0.6,0.6,0.06,+0.4,+0.4,Matches,f3354c07
204,Pascal Groß,de GER,MFDF,Brighton,31-317,1991,29.2,6,29,13,44.8,0.99,0.44,0.21,0.46,16.3,0,0,0,4.4,4.4,0.15,+1.6,+1.6,Matches,8aec0537
205,Vicente Guaita,es ESP,GK,Crystal Palace,36-108,1987,27.0,0,0,0,,0.00,0.00,,,,0,0,0,0.0,0.0,,0.0,0.0,Matches,ab13a5aa
206,Gonçalo Guedes,pt POR,FWMF,Wolves,26-150,1996,7.9,1,19,6,31.6,2.42,0.76,0.05,0.17,18.4,1,0,0,1.2,1.2,0.06,-0.2,-0.2,Matches,e6bc67d7
207,Marc Guéhi,eng ENG,DF,Crystal Palace,22-289,2000,32.0,1,10,6,60.0,0.31,0.19,0.10,0.17,8.5,0,0,0,1.1,1.1,0.11,-0.1,-0.1,Matches,d0706b27
208,Bruno Guimarães,br BRA,MF,Newcastle Utd,25-163,1997,24.3,3,21,6,28.6,0.86,0.25,0.14,0.50,20.7,0,0,0,1.6,1.6,0.08,+1.4,+1.4,Matches,82518f62
209,İlkay Gündoğan,de GER,MF,Manchester City,32-186,1990,22.3,4,47,15,31.9,2.11,0.67,0.09,0.27,18.2,4,0,0,5.9,5.9,0.12,-1.9,-1.9,Matches,819b3158
210,Darko Gyabi,eng ENG,FW,Leeds United,19-069,2004,0.1,0,1,0,0.0,11.25,0.00,0.00,,17.8,0,0,0,0.1,0.1,0.06,-0.1,-0.1,Matches,56d838f7
211,Erling Haaland,no NOR,FW,Manchester City,22-281,2000,25.7,33,96,47,49.0,3.73,1.83,0.28,0.57,12.5,0,6,6,24.0,19.5,0.21,+9.0,+7.5,Matches,1f44ac21
212,Lewis Hall,eng ENG,DFMF,Chelsea,18-232,2004,3.4,0,5,2,40.0,1.48,0.59,0.00,0.00,13.3,0,0,0,0.5,0.5,0.10,-0.5,-0.5,Matches,da011f18
213,Luke Harris,wls WAL,MFFW,Fulham,18-025,2005,0.1,0,0,0,,0.00,0.00,,,,0,0,0,0.0,0.0,,0.0,0.0,Matches,8c3078cd
214,Jack Harrison,eng ENG,FWMF,Leeds United,26-159,1996,26.0,4,34,12,35.3,1.31,0.46,0.12,0.33,17.5,3,0,0,4.3,4.3,0.13,-0.3,-0.3,Matches,aa849a12
215,Kai Havertz,de GER,FWMF,Chelsea,23-321,1999,24.6,7,61,27,44.3,2.48,1.10,0.10,0.22,12.4,0,1,1,10.4,9.6,0.16,-3.4,-3.6,Matches,fed7cb61
216,Jan Paul van Hecke,nl NED,DF,Brighton,22-324,2000,1.0,0,2,0,0.0,2.07,0.00,0.00,,16.3,0,0,0,0.6,0.6,0.30,-0.6,-0.6,Matches,4fd08daa
217,Hwang Hee-chan,kr KOR,FWMF,Wolves,27-092,1996,9.8,2,12,6,50.0,1.23,0.62,0.17,0.33,16.1,0,0,0,1.7,1.7,0.14,+0.3,+0.3,Matches,169fd162
218,Dean Henderson,eng ENG,GK,Nott'ham Forest,26-047,1997,18.0,0,0,0,,0.00,0.00,,,,0,0,0,0.0,0.0,,0.0,0.0,Matches,e5a76dfe
219,Jordan Henderson,eng ENG,MF,Liverpool,32-315,1990,19.6,0,19,4,21.1,0.97,0.20,0.00,0.00,21.8,0,0,0,1.2,1.2,0.06,-1.2,-1.2,Matches,935e6b8f
220,Wayne Hennessey,wls WAL,GK,Nott'ham Forest,36-094,1987,2.0,0,0,0,,0.00,0.00,,,,0,0,0,0.0,0.0,,0.0,0.0,Matches,76eca7e2
221,Rico Henry,eng ENG,DF,Brentford,25-294,1997,31.5,0,18,4,22.2,0.57,0.13,0.00,0.00,19.7,0,0,0,1.5,1.5,0.08,-1.5,-1.5,Matches,8a3c1dc7
222,Son Heung-min,kr KOR,MFFW,Tottenham,30-294,1992,27.3,9,73,35,47.9,2.68,1.28,0.12,0.26,18.5,5,0,0,8.4,8.4,0.11,+0.6,+0.6,Matches,92e7e919
223,Aaron Hickey,sct SCO,DF,Brentford,20-322,2002,16.6,0,9,2,22.2,0.54,0.12,0.00,0.00,20.3,0,0,0,0.3,0.3,0.04,-0.3,-0.3,Matches,1780bb4a
224,Joseph Hodge,ie IRL,MF,Wolves,20-226,2002,1.9,0,1,0,0.0,0.53,0.00,0.00,,12.7,0,0,0,0.1,0.1,0.12,-0.1,-0.1,Matches,bd8a5d95
225,Rob Holding,eng ENG,DF,Arsenal,27-220,1995,6.2,1,5,2,40.0,0.80,0.32,0.20,0.50,12.8,0,0,0,0.3,0.3,0.07,+0.7,+0.7,Matches,d79a8c87
226,Mason Holgate,eng ENG,DF,Everton,26-188,1996,4.9,0,3,0,0.0,0.61,0.00,0.00,,14.0,0,0,0,0.3,0.3,0.10,-0.3,-0.3,Matches,d0042ab9
227,Will Hughes,eng ENG,MF,Crystal Palace,28-011,1995,6.3,0,3,2,66.7,0.47,0.32,0.00,0.00,17.0,0,0,0,0.2,0.2,0.06,-0.2,-0.2,Matches,a0666d3e
228,Omari Hutchinson,eng ENG,FW,Chelsea,19-180,2003,0.3,0,0,0,,0.00,0.00,,,,0,0,0,0.0,0.0,,0.0,0.0,Matches,bd9553e6
229,Pierre Højbjerg,dk DEN,MF,Tottenham,27-266,1995,31.8,4,31,9,29.0,0.98,0.28,0.13,0.44,21.8,0,0,0,1.8,1.8,0.06,+2.2,+2.2,Matches,8b04d6c1
230,Kelechi Iheanacho,ng NGA,FWMF,Leicester City,26-207,1996,11.2,5,36,13,36.1,3.22,1.16,0.11,0.31,17.0,0,1,1,7.0,6.2,0.17,-2.0,-2.2,Matches,c92e1a31
231,Danny Ings,eng ENG,FW,West Ham,30-279,1992,5.9,2,9,3,33.3,1.53,0.51,0.22,0.67,10.0,0,0,0,2.2,2.2,0.24,-0.2,-0.2,Matches,07802f7f
232,Danny Ings,eng ENG,FW,Aston Villa,30-279,1992,9.2,6,25,12,48.0,2.73,1.31,0.16,0.33,15.5,0,2,2,5.3,3.8,0.15,+0.7,+0.2,Matches,07802f7f
233,Alexander Isak,se SWE,FW,Newcastle Utd,23-219,1999,11.0,10,36,20,55.6,3.28,1.82,0.22,0.40,14.3,0,2,2,7.3,5.7,0.16,+2.7,+2.3,Matches,8e92be30
234,Daniel Iversen,dk DEN,GK,Leicester City,25-283,1997,7.0,0,0,0,,0.00,0.00,,,,0,0,0,0.0,0.0,,0.0,0.0,Matches,10d221cd
235,Alex Iwobi,ng NGA,MFFW,Everton,26-360,1996,32.5,1,32,11,34.4,0.98,0.34,0.03,0.09,21.0,0,0,0,2.0,2.0,0.06,-1.0,-1.0,Matches,6ca5ec4b
236,Daniel James,wls WAL,FW,Leeds United,25-169,1997,2.2,0,3,1,33.3,1.36,0.45,0.00,0.00,17.6,0,0,0,0.3,0.3,0.09,-0.3,-0.3,Matches,c931d9f9
237,Daniel James,wls WAL,FW,Fulham,25-169,1997,6.5,2,14,3,21.4,2.16,0.46,0.14,0.67,13.0,0,0,0,1.7,1.7,0.12,+0.3,+0.3,Matches,c931d9f9
238,Reece James,eng ENG,DFMF,Chelsea,23-141,1999,13.8,1,16,4,25.0,1.16,0.29,0.06,0.25,22.4,2,0,0,1.0,1.0,0.06,0.0,0.0,Matches,1265a93a
239,Vitaly Janelt,de GER,MFDF,Brentford,24-353,1998,19.9,3,11,5,45.5,0.55,0.25,0.27,0.60,16.5,0,0,0,2.2,2.2,0.20,+0.8,+0.8,Matches,8449d35e
240,Pontus Jansson,se SWE,DF,Brentford,32-074,1991,8.0,1,4,2,50.0,0.50,0.25,0.25,0.50,9.9,0,0,0,0.3,0.3,0.08,+0.7,+0.7,Matches,172e52d8
241,Mathias Jensen,dk DEN,MF,Brentford,27-117,1996,27.9,5,21,7,33.3,0.75,0.25,0.24,0.71,21.3,4,0,0,2.1,2.1,0.10,+2.9,+2.9,Matches,0f134faf
242,Gabriel Jesus,br BRA,FW,Arsenal,26-025,1997,18.1,9,64,25,39.1,3.53,1.38,0.13,0.32,10.6,0,1,1,12.9,12.1,0.19,-3.9,-4.1,Matches,b66315ae
243,Raúl Jiménez,mx MEX,FW,Wolves,31-358,1991,8.3,0,20,9,45.0,2.42,1.09,0.00,0.00,14.5,0,0,0,2.6,2.6,0.13,-2.6,-2.6,Matches,b561db50
244,Joelinton,br BRA,MFFW,Newcastle Utd,26-257,1996,25.7,6,46,19,41.3,1.79,0.74,0.13,0.32,14.4,0,0,0,6.7,6.7,0.15,-0.7,-0.7,Matches,c17bfb65
245,Ben Johnson,eng ENG,DF,West Ham,23-094,2000,8.3,0,1,0,0.0,0.12,0.00,0.00,,25.9,0,0,0,0.0,0.0,0.03,0.0,0.0,Matches,9319781b
246,Brennan Johnson,wls WAL,FWMF,Nott'ham Forest,21-340,2001,29.7,8,50,24,48.0,1.68,0.81,0.14,0.29,16.5,0,1,3,8.5,6.1,0.12,-0.5,+0.9,Matches,0cd31129
247,Sam Johnstone,eng ENG,GK,Crystal Palace,30-034,1993,4.0,0,0,0,,0.00,0.00,,,,0,0,0,0.0,0.0,,0.0,0.0,Matches,9e5708be
248,Curtis Jones,eng ENG,MF,Liverpool,22-088,2001,6.5,0,6,1,16.7,0.92,0.15,0.00,0.00,15.4,0,0,0,0.3,0.3,0.05,-0.3,-0.3,Matches,4fb9c88f
249,Jorginho,it ITA,MF,Arsenal,31-129,1991,4.9,0,3,0,0.0,0.61,0.00,0.00,,20.7,0,0,0,0.1,0.1,0.04,-0.1,-0.1,Matches,45db685d
250,Jorginho,it ITA,MF,Chelsea,31-129,1991,14.2,2,3,1,33.3,0.21,0.07,0.00,0.00,34.1,0,2,2,1.7,0.1,0.04,+0.3,-0.1,Matches,45db685d
251,Mateo Joseph,eng ENG,FWMF,Leeds United,19-191,2003,0.3,0,1,1,100.0,3.46,3.46,0.00,0.00,15.4,0,0,0,0.1,0.1,0.12,-0.1,-0.1,Matches,6ad43f9a
252,Diogo Jota,pt POR,FW,Liverpool,26-145,1996,9.9,4,27,8,29.6,2.74,0.81,0.15,0.50,11.7,0,0,0,5.0,5.0,0.19,-1.0,-1.0,Matches,178ae8f8
253,Hamed Junior Traorè,ci CIV,FWMF,Bournemouth,23-071,2000,4.7,0,6,0,0.0,1.26,0.00,0.00,,17.1,1,0,0,0.9,0.9,0.15,-0.9,-0.9,Matches,570bb4b9
254,James Justin,eng ENG,DF,Leicester City,25-064,1998,13.9,0,5,0,0.0,0.36,0.00,0.00,,23.4,0,0,0,0.3,0.3,0.06,-0.3,-0.3,Matches,fb614c44
255,Mathias Jørgensen,dk DEN,DF,Brentford,33-005,1990,10.1,0,4,1,25.0,0.40,0.10,0.00,0.00,7.7,0,0,0,0.8,0.8,0.20,-0.8,-0.8,Matches,0db5d2c8
256,Sasa Kalajdzic,at AUT,FW,Wolves,25-295,1997,0.5,0,1,0,0.0,2.00,0.00,0.00,,4.4,0,0,0,0.3,0.3,0.27,-0.3,-0.3,Matches,15f24fe7
257,Boubacar Kamara,fr FRA,MF,Aston Villa,23-156,1999,17.4,0,4,1,25.0,0.23,0.06,0.00,0.00,29.7,0,0,0,0.2,0.2,0.05,-0.2,-0.2,Matches,cc77354e
258,Harry Kane,eng ENG,FW,Tottenham,29-274,1993,32.8,24,114,46,40.4,3.47,1.40,0.18,0.43,15.8,3,4,5,18.7,14.7,0.13,+5.3,+5.3,Matches,21a66f6a
259,N'Golo Kanté,fr FRA,MF,Chelsea,32-030,1991,4.1,0,7,1,14.3,1.72,0.25,0.00,0.00,19.7,0,0,0,0.3,0.3,0.04,-0.3,-0.3,Matches,b9fbae28
260,Michael Keane,eng ENG,DF,Everton,30-107,1993,9.3,1,10,4,40.0,1.08,0.43,0.10,0.25,13.8,0,0,0,1.0,1.0,0.10,0.0,0.0,Matches,c5b7c315
261,Neeskens Kebano,cd COD,FW,Fulham,31-049,1992,8.0,0,9,2,22.2,1.12,0.25,0.00,0.00,15.2,0,0,0,0.5,0.5,0.05,-0.5,-0.5,Matches,18b999f4
262,Thilo Kehrer,de GER,DF,West Ham,26-219,1996,21.3,0,7,1,14.3,0.33,0.05,0.00,0.00,19.7,0,0,0,0.4,0.4,0.06,-0.4,-0.4,Matches,51dbeea9
263,Naby Keïta,gn GUI,MF,Liverpool,28-077,1995,3.3,0,10,0,0.0,3.07,0.00,0.00,,20.6,0,0,0,0.6,0.6,0.06,-0.6,-0.6,Matches,f25c8e3a
264,Lloyd Kelly,eng ENG,DF,Bournemouth,24-204,1998,17.7,0,3,0,0.0,0.17,0.00,0.00,,8.9,0,0,0,0.2,0.2,0.07,-0.2,-0.2,Matches,f31def1e
265,Max Kilman,eng ENG,DF,Wolves,25-340,1997,33.0,0,12,0,0.0,0.36,0.00,0.00,,10.1,0,0,0,1.2,1.2,0.10,-1.2,-1.2,Matches,d0f72bf1
266,Jakub Kiwior,pl POL,DF,Arsenal,23-072,2000,0.2,0,0,0,,0.00,0.00,,,,0,0,0,0.0,0.0,,0.0,0.0,Matches,dc3e663e
267,Mateusz Klich,pl POL,MFFW,Leeds United,32-319,1990,3.1,0,4,1,25.0,1.29,0.32,0.00,0.00,21.7,0,0,0,0.2,0.2,0.04,-0.2,-0.2,Matches,282679b4
268,Robin Koch,de GER,DF,Leeds United,26-285,1996,31.3,0,11,2,18.2,0.35,0.06,0.00,0.00,10.7,0,0,0,0.9,0.9,0.08,-0.9,-0.9,Matches,ea6bc03a
269,Ibrahima Konaté,fr FRA,DF,Liverpool,23-338,1999,12.2,0,8,2,25.0,0.65,0.16,0.00,0.00,9.2,0,0,0,1.1,1.1,0.14,-1.1,-1.1,Matches,5ed9b537
270,Ezri Konsa,eng ENG,DF,Aston Villa,25-187,1997,31.9,0,8,0,0.0,0.25,0.00,0.00,,8.0,0,0,0,1.1,1.1,0.13,-1.1,-1.1,Matches,0313a347
271,Kalidou Koulibaly,sn SEN,DF,Chelsea,31-312,1991,19.9,2,11,4,36.4,0.55,0.20,0.18,0.50,12.0,0,0,0,0.9,0.9,0.09,+1.1,+1.1,Matches,da974c7b
272,Cheikhou Kouyaté,sn SEN,MF,Nott'ham Forest,33-128,1989,8.8,1,6,5,83.3,0.68,0.57,0.17,0.20,19.4,0,0,0,0.4,0.4,0.06,+0.6,+0.6,Matches,8d3c902d
273,Mateo Kovačić,hr CRO,MF,Chelsea,28-357,1994,17.2,1,23,1,4.3,1.33,0.06,0.04,1.00,22.1,0,0,0,1.8,1.8,0.08,-0.8,-0.8,Matches,79c0821a
274,Emil Krafth,se SWE,DF,Newcastle Utd,28-269,1994,0.0,0,0,0,,0.00,0.00,,,,0,0,0,0.0,0.0,,0.0,0.0,Matches,77cf6852
275,Dejan Kulusevski,se SWE,MFFW,Tottenham,23-003,2000,20.2,2,38,8,21.1,1.88,0.40,0.05,0.25,17.7,0,0,0,2.1,2.1,0.06,-0.1,-0.1,Matches,df3cda47
276,Layvin Kurzawa,fr FRA,DF,Fulham,30-236,1992,1.5,0,0,0,,0.00,0.00,,,,0,0,0,0.0,0.0,,0.0,0.0,Matches,41e7ef1c
277,Adam Lallana,eng ENG,MFFW,Brighton,34-353,1988,8.0,2,8,5,62.5,1.00,0.62,0.25,0.40,13.3,0,0,0,0.9,0.9,0.11,+1.1,+1.1,Matches,99813635
278,Tariq Lamptey,gh GHA,DF,Brighton,22-210,2000,5.0,0,5,0,0.0,0.99,0.00,0.00,,20.1,0,0,0,0.2,0.2,0.04,-0.2,-0.2,Matches,f4e433d4
279,Manuel Lanzini,ar ARG,MFFW,West Ham,30-072,1993,1.7,0,2,0,0.0,1.20,0.00,0.00,,31.0,0,0,0,0.1,0.1,0.03,-0.1,-0.1,Matches,26f6dca8
280,Aymeric Laporte,es ESP,DF,Manchester City,28-336,1994,7.2,0,9,1,11.1,1.25,0.14,0.00,0.00,15.3,0,0,0,0.4,0.4,0.04,-0.4,-0.4,Matches,119b9a8e
281,Juan Larios,es ESP,DF,Southampton,19-106,2004,1.7,0,0,0,,0.00,0.00,,,,0,0,0,0.0,0.0,,0.0,0.0,Matches,cf7fb13a
282,Jamaal Lascelles,eng ENG,DF,Newcastle Utd,29-168,1993,2.4,0,2,0,0.0,0.83,0.00,0.00,,9.7,0,0,0,0.1,0.1,0.05,-0.1,-0.1,Matches,450ab6fc
283,Roméo Lavia,be BEL,MF,Southampton,19-112,2004,20.1,1,10,3,30.0,0.50,0.15,0.10,0.33,26.4,0,0,0,0.4,0.4,0.04,+0.6,+0.6,Matches,ecad9aa5
284,Dexter Lembikisa,jm JAM,DF,Wolves,19-175,2003,0.3,0,0,0,,0.00,0.00,,,,0,0,0,0.0,0.0,,0.0,0.0,Matches,0bdda685
285,Mario Lemina,ga GAB,MF,Wolves,29-239,1993,10.4,0,8,2,25.0,0.77,0.19,0.00,0.00,26.9,0,0,0,0.3,0.3,0.03,-0.3,-0.3,Matches,2b471f99
286,Clément Lenglet,fr FRA,DF,Tottenham,27-315,1995,18.5,0,11,2,18.2,0.60,0.11,0.00,0.00,15.9,0,0,0,0.8,0.8,0.08,-0.8,-0.8,Matches,4f28a6ff
287,Bernd Leno,de GER,GK,Fulham,31-055,1992,30.0,0,0,0,,0.00,0.00,,,,0,0,0,0.0,0.0,,0.0,0.0,Matches,2628fd2b
288,Jefferson Lerma,co COL,MF,Bournemouth,28-185,1994,31.1,3,30,7,23.3,0.96,0.22,0.10,0.43,17.7,0,0,0,2.2,2.2,0.07,+0.8,+0.8,Matches,9b5ce51a
289,Jamal Lewis,nir NIR,DF,Newcastle Utd,25-093,1998,0.1,0,0,0,,0.00,0.00,,,,0,0,0,0.0,0.0,,0.0,0.0,Matches,efb9215a
290,Rico Lewis,eng ENG,DFMF,Manchester City,18-158,2004,6.0,0,3,1,33.3,0.50,0.17,0.00,0.00,19.8,0,0,0,0.1,0.1,0.04,-0.1,-0.1,Matches,b57e066e
291,Keane Lewis-Potter,eng ENG,FWMF,Brentford,22-065,2001,3.6,0,7,2,28.6,1.96,0.56,0.00,0.00,14.1,0,0,0,0.5,0.5,0.07,-0.5,-0.5,Matches,41f08ac8
292,Victor Lindelöf,se SWE,DF,Manchester Utd,28-285,1994,8.2,0,1,0,0.0,0.12,0.00,0.00,,6.4,0,0,0,0.1,0.1,0.09,-0.1,-0.1,Matches,f5deef4c
293,Jesse Lingard,eng ENG,FWMF,Nott'ham Forest,30-134,1992,10.3,0,10,2,20.0,0.98,0.20,0.00,0.00,19.3,0,0,0,1.0,1.0,0.10,-1.0,-1.0,Matches,810e3c74
294,Diego Llorente,es ESP,DF,Leeds United,29-255,1993,7.2,0,6,0,0.0,0.83,0.00,0.00,,12.5,0,0,0,0.7,0.7,0.12,-0.7,-0.7,Matches,bba30585
295,Hugo Lloris,fr FRA,GK,Tottenham,36-123,1986,24.5,0,0,0,,0.00,0.00,,,,0,0,0,0.0,0.0,,0.0,0.0,Matches,8f62b6ee
296,Renan Lodi,br BRA,DF,Nott'ham Forest,25-020,1998,20.2,0,11,0,0.0,0.54,0.00,0.00,,20.1,2,0,0,0.8,0.8,0.07,-0.8,-0.8,Matches,ed9f7cfe
297,Ruben Loftus-Cheek,eng ENG,MFDF,Chelsea,27-095,1996,14.6,0,9,2,22.2,0.62,0.14,0.00,0.00,18.6,0,0,0,0.8,0.8,0.09,-0.8,-0.8,Matches,e97fd090
298,Sean Longstaff,eng ENG,MF,Newcastle Utd,25-180,1997,27.0,1,30,6,20.0,1.11,0.22,0.03,0.17,15.9,0,0,0,3.4,3.4,0.11,-2.4,-2.4,Matches,a2b105e0
299,Jamal Lowe,jm JAM,MFFW,Bournemouth,28-281,1994,0.1,0,0,0,,0.00,0.00,,,,0,0,0,0.0,0.0,,0.0,0.0,Matches,b2856bc0
300,Douglas Luiz,br BRA,MF,Aston Villa,24-354,1998,27.6,4,28,10,35.7,1.01,0.36,0.14,0.40,24.8,4,0,0,2.4,2.4,0.09,+1.6,+1.6,Matches,6f7d826d
301,Saša Lukić,rs SRB,MF,Fulham,26-258,1996,2.6,0,3,1,33.3,1.15,0.38,0.00,0.00,27.9,0,0,0,0.1,0.1,0.03,-0.1,-0.1,Matches,c6e8cf1f
302,Lyanco,br BRA,DF,Southampton,26-086,1997,8.8,0,8,3,37.5,0.91,0.34,0.00,0.00,21.4,0,0,0,0.3,0.3,0.03,-0.3,-0.3,Matches,b5bf1770
303,Alexis Mac Allister,ar ARG,MF,Brighton,24-125,1998,26.0,8,68,24,35.3,2.62,0.92,0.04,0.13,22.8,8,5,5,9.8,5.9,0.09,-1.8,-2.9,Matches,83d074ff
304,James Maddison,eng ENG,MFFW,Leicester City,26-156,1996,23.1,9,68,22,32.4,2.95,0.95,0.13,0.41,20.9,11,0,0,5.6,5.6,0.08,+3.4,+3.4,Matches,ee38d9c5
305,Noni Madueke,eng ENG,FWDF,Chelsea,21-049,2002,2.5,0,5,2,40.0,1.97,0.79,0.00,0.00,16.5,0,0,0,0.3,0.3,0.06,-0.3,-0.3,Matches,bf34eebd
306,Harry Maguire,eng ENG,DF,Manchester Utd,30-054,1993,7.4,0,2,0,0.0,0.27,0.00,0.00,,7.2,0,0,0,0.3,0.3,0.16,-0.3,-0.3,Matches,d8931174
307,Riyad Mahrez,dz ALG,FWMF,Manchester City,32-066,1991,14.6,5,35,10,28.6,2.40,0.68,0.11,0.40,16.7,4,1,1,5.2,4.4,0.12,-0.2,-0.4,Matches,892d5bb1
308,Kobbie Mainoo,eng ENG,MF,Manchester Utd,18-009,2005,0.1,0,0,0,,0.00,0.00,,,,0,0,0,0.0,0.0,,0.0,0.0,Matches,c6220452
309,Ainsley Maitland-Niles,eng ENG,DFMF,Southampton,25-242,1997,13.5,0,1,1,100.0,0.07,0.07,0.00,0.00,31.4,0,0,0,0.0,0.0,0.02,0.0,0.0,Matches,e3a5814e
310,Tyrell Malacia,nl NED,DF,Manchester Utd,23-254,1999,12.0,0,5,2,40.0,0.42,0.17,0.00,0.00,22.1,0,0,0,0.2,0.2,0.05,-0.2,-0.2,Matches,6b6c793c
311,Orel Mangala,be BEL,MF,Nott'ham Forest,25-041,1998,12.5,1,9,3,33.3,0.72,0.24,0.11,0.33,20.7,0,0,0,0.6,0.6,0.06,+0.4,+0.4,Matches,a572e291
312,Javier Manquillo,es ESP,DF,Newcastle Utd,28-358,1994,0.4,0,0,0,,0.00,0.00,,,,0,0,0,0.0,0.0,,0.0,0.0,Matches,758dd7f0
313,Sekou Mara,fr FRA,FWMF,Southampton,20-272,2002,5.8,1,17,4,23.5,2.91,0.68,0.06,0.25,16.2,0,0,0,1.0,1.0,0.06,0.0,0.0,Matches,3544641e
314,Solly March,eng ENG,FWDF,Brighton,28-282,1994,28.9,7,70,30,42.9,2.42,1.04,0.10,0.23,16.2,1,0,0,7.7,7.7,0.11,-0.7,-0.7,Matches,bb5fbd2b
315,Emiliano Marcondes,dk DEN,MF,Bournemouth,28-050,1995,0.1,0,0,0,,0.00,0.00,,,,0,0,0,0.0,0.0,,0.0,0.0,Matches,4d960fc3
316,Marquinhos,br BRA,MF,Arsenal,20-021,2003,0.0,0,0,0,,0.00,0.00,,,,0,0,0,0.0,0.0,,0.0,0.0,Matches,59878425
317,Anthony Martial,fr FRA,FW,Manchester Utd,27-144,1995,7.1,4,15,7,46.7,2.11,0.99,0.20,0.43,12.4,0,1,1,4.2,3.4,0.23,-0.2,-0.4,Matches,8b788c01
318,Martinelli,br BRA,FW,Arsenal,21-314,2001,29.5,15,76,29,38.2,2.57,0.98,0.20,0.52,15.6,2,0,0,8.9,8.9,0.12,+6.1,+6.1,Matches,48a5a5d6
319,Emiliano Martínez,ar ARG,GK,Aston Villa,30-238,1992,29.9,0,0,0,,0.00,0.00,,,,0,0,0,0.0,0.0,,0.0,0.0,Matches,7956236f
320,Lisandro Martínez,ar ARG,DF,Manchester Utd,25-100,1998,23.5,1,10,1,10.0,0.43,0.04,0.10,1.00,14.8,0,0,0,0.5,0.5,0.05,+0.5,+0.5,Matches,bac46a10
321,Pape Matar Sarr,sn SEN,MF,Tottenham,20-226,2002,1.9,0,2,0,0.0,1.07,0.00,0.00,,27.3,0,0,0,0.1,0.1,0.03,-0.1,-0.1,Matches,feb5d972
322,Jean-Philippe Mateta,fr FRA,FW,Crystal Palace,25-304,1997,8.2,2,26,7,26.9,3.18,0.86,0.08,0.29,12.2,0,0,0,3.3,3.3,0.13,-1.3,-1.3,Matches,50e6dc35
323,Joël Matip,cm CMR,DF,Liverpool,31-263,1991,11.1,1,4,3,75.0,0.36,0.27,0.25,0.33,7.4,0,0,0,0.7,0.7,0.21,+0.3,+0.3,Matches,b217ef29
324,Neal Maupay,fr FRA,FW,Everton,26-257,1996,11.8,1,30,13,43.3,2.55,1.10,0.03,0.08,14.8,0,0,0,4.3,4.3,0.14,-3.3,-3.3,Matches,4bcf39f6
325,Kevin Mbabu,ch SUI,DFFW,Fulham,28-009,1995,1.6,0,0,0,,0.00,0.00,,,,0,0,0,0.0,0.0,,0.0,0.0,Matches,493924a7
326,Bryan Mbeumo,cm CMR,FW,Brentford,23-264,1999,27.3,6,54,23,42.6,1.98,0.84,0.09,0.22,17.1,1,1,1,7.7,6.9,0.13,-1.7,-1.9,Matches,6afaebf2
327,James McArthur,sct SCO,MF,Crystal Palace,35-203,1987,0.2,0,0,0,,0.00,0.00,,,,0,0,0,0.0,0.0,,0.0,0.0,Matches,cee31595
328,Alex McCarthy,eng ENG,GK,Southampton,33-146,1989,1.0,0,0,0,,0.00,0.00,,,,0,0,0,0.0,0.0,,0.0,0.0,Matches,36c2ca73
329,John McGinn,sct SCO,MFFW,Aston Villa,28-192,1994,24.9,1,36,9,25.0,1.44,0.36,0.03,0.11,23.3,0,0,0,2.1,2.1,0.06,-1.1,-1.1,Matches,90f91999
330,Scott McKenna,sct SCO,DF,Nott'ham Forest,26-167,1996,17.5,0,2,0,0.0,0.11,0.00,0.00,,8.2,0,0,0,0.1,0.1,0.04,-0.1,-0.1,Matches,4e5a4cbc
331,Weston McKennie,us USA,MF,Leeds United,24-243,1998,11.6,0,8,1,12.5,0.69,0.09,0.00,0.00,16.3,0,0,0,0.5,0.5,0.06,-0.5,-0.5,Matches,01c3aff5
332,Dwight McNeil,eng ENG,FWMF,Everton,23-157,1999,22.8,5,37,11,29.7,1.63,0.48,0.14,0.45,21.6,1,0,0,1.7,1.7,0.05,+3.3,+3.3,Matches,fc15fb84
333,Scott McTominay,sct SCO,MF,Manchester Utd,26-141,1996,12.5,1,11,4,36.4,0.88,0.32,0.09,0.25,14.5,0,0,0,1.3,1.3,0.12,-0.3,-0.3,Matches,d93c2511
334,Ben Mee,eng ENG,DF,Brentford,33-219,1989,31.3,3,20,4,20.0,0.64,0.13,0.15,0.75,10.7,0,0,0,2.3,2.3,0.11,+0.7,+0.7,Matches,8df7a2fb
335,Edouard Mendy,sn SEN,GK,Chelsea,31-058,1992,8.5,0,0,0,,0.00,0.00,,,,0,0,0,0.0,0.0,,0.0,0.0,Matches,33887998
336,Nampalys Mendy,sn SEN,MF,Leicester City,30-309,1992,8.2,1,2,1,50.0,0.24,0.12,0.50,1.00,21.1,0,0,0,0.1,0.1,0.07,+0.9,+0.9,Matches,1598599e
337,Chris Mepham,wls WAL,DF,Bournemouth,25-174,1997,23.4,0,8,4,50.0,0.34,0.17,0.00,0.00,9.8,0,0,0,0.7,0.7,0.09,-0.7,-0.7,Matches,fed96827
338,Illan Meslier,fr FRA,GK,Leeds United,23-057,2000,33.0,0,1,1,100.0,0.03,0.03,0.00,0.00,9.0,0,0,0,0.1,0.1,0.12,-0.1,-0.1,Matches,6b625ac2
339,Alexander Mighten,eng ENG,FW,Nott'ham Forest,21-017,2002,0.1,0,0,0,,0.00,0.00,,,,0,0,0,0.0,0.0,,0.0,0.0,Matches,10ec4169
340,Luka Milivojević,rs SRB,MF,Crystal Palace,32-021,1991,5.7,0,7,0,0.0,1.23,0.00,0.00,,25.1,1,0,0,0.3,0.3,0.05,-0.3,-0.3,Matches,2ce2508a
341,James Milner,eng ENG,MFDF,Liverpool,37-114,1986,8.5,0,6,1,16.7,0.70,0.12,0.00,0.00,16.2,0,0,0,0.4,0.4,0.06,-0.4,-0.4,Matches,2f90f6b8
342,Yerry Mina,co COL,DF,Everton,28-217,1994,2.6,1,3,2,66.7,1.15,0.77,0.33,0.50,12.4,0,0,0,0.2,0.2,0.08,+0.8,+0.8,Matches,6d5701f2
343,Tyrone Mings,eng ENG,DF,Aston Villa,30-046,1993,30.0,1,5,2,40.0,0.17,0.07,0.20,0.50,14.4,0,0,0,0.6,0.6,0.11,+0.4,+0.4,Matches,8397a50c
344,Tyrick Mitchell,eng ENG,DF,Crystal Palace,23-239,1999,27.1,0,6,1,16.7,0.22,0.04,0.00,0.00,11.6,0,0,0,0.6,0.6,0.10,-0.6,-0.6,Matches,5cbd1eb0
345,Kaoru Mitoma,jp JPN,FW,Brighton,25-343,1997,19.1,7,34,17,50.0,1.78,0.89,0.21,0.41,13.7,0,0,0,4.7,4.7,0.14,+2.3,+2.3,Matches,74618572
346,Aleksandar Mitrović,rs SRB,FW,Fulham,28-224,1994,20.1,11,80,25,31.3,3.97,1.24,0.10,0.32,15.1,0,3,6,12.3,7.6,0.10,-1.3,+0.4,Matches,3925dbd6
347,Kieffer Moore,wls WAL,FW,Bournemouth,30-263,1992,13.0,4,20,7,35.0,1.54,0.54,0.20,0.57,11.5,0,0,0,3.7,3.7,0.19,+0.3,+0.3,Matches,01ce9e70
348,Andrew Moran,ie IRL,FW,Brighton,19-195,2003,0.1,0,0,0,,0.00,0.00,,,,0,0,0,0.0,0.0,,0.0,0.0,Matches,c4720845
349,Álex Moreno,es ESP,DF,Aston Villa,29-324,1993,11.9,0,12,2,16.7,1.01,0.17,0.00,0.00,19.0,0,0,0,0.5,0.5,0.04,-0.5,-0.5,Matches,16e9d0ea
350,Mason Mount,eng ENG,MFFW,Chelsea,24-108,1999,18.3,3,33,9,27.3,1.80,0.49,0.09,0.33,19.7,2,0,0,2.0,2.0,0.06,+1.0,+1.0,Matches,9674002f
351,Lucas Moura,br BRA,MFDF,Tottenham,30-258,1992,1.4,0,1,0,0.0,0.71,0.00,0.00,,11.9,0,0,0,0.1,0.1,0.09,-0.1,-0.1,Matches,2b622f01
352,João Moutinho,pt POR,MF,Wolves,36-232,1986,19.8,0,16,3,18.8,0.81,0.15,0.00,0.00,18.4,3,0,0,1.3,1.3,0.08,-1.3,-1.3,Matches,f5a00fa4
353,Divin Mubama,eng ENG,FW,West Ham,18-185,2004,0.0,0,0,0,,0.00,0.00,,,,0,0,0,0.0,0.0,,0.0,0.0,Matches,92868cb5
354,Mykhailo Mudryk,ua UKR,FWMF,Chelsea,22-113,2001,5.4,0,9,3,33.3,1.65,0.55,0.00,0.00,18.9,0,0,0,1.2,1.2,0.13,-1.2,-1.2,Matches,049a888d
355,Jacob Murphy,eng ENG,FW,Newcastle Utd,28-063,1995,12.0,4,26,10,38.5,2.16,0.83,0.15,0.40,18.7,0,0,0,3.1,3.1,0.12,+0.9,+0.9,Matches,de112b84
356,Enock Mwepu,zm ZAM,FWMF,Brighton,25-117,1998,2.4,0,2,1,50.0,0.85,0.42,0.00,0.00,16.7,0,0,0,0.2,0.2,0.11,-0.2,-0.2,Matches,1d5cab82
357,Vitaliy Mykolenko,ua UKR,DF,Everton,23-334,1999,27.5,0,10,3,30.0,0.36,0.11,0.00,0.00,20.3,0,0,0,0.5,0.5,0.05,-0.5,-0.5,Matches,30d4a2e5
358,Keylor Navas,cr CRC,GK,Nott'ham Forest,36-134,1986,13.0,0,0,0,,0.00,0.00,,,,0,0,0,0.0,0.0,,0.0,0.0,Matches,ecada4fc
359,Wilfred Ndidi,ng NGA,MFDF,Leicester City,26-133,1996,16.0,0,6,2,33.3,0.37,0.12,0.00,0.00,24.0,0,0,0,0.2,0.2,0.03,-0.2,-0.2,Matches,6b47c5db
360,Reiss Nelson,eng ENG,FW,Arsenal,23-139,1999,1.4,3,8,6,75.0,5.58,4.19,0.38,0.50,16.7,1,0,0,0.8,0.8,0.11,+2.2,+2.2,Matches,c5bdb6e3
361,Neto,br BRA,GK,Bournemouth,33-283,1989,22.5,0,0,0,,0.00,0.00,,,,0,0,0,0.0,0.0,,0.0,0.0,Matches,a9dc785c
362,Pedro Neto,pt POR,FWMF,Wolves,23-050,2000,8.4,0,15,3,20.0,1.79,0.36,0.00,0.00,20.7,1,0,0,1.0,1.0,0.07,-1.0,-1.0,Matches,7ba2eaa9
363,Rúben Neves,pt POR,MF,Wolves,26-046,1997,29.1,6,60,13,21.7,2.06,0.45,0.05,0.23,26.5,10,3,3,5.1,2.7,0.05,+0.9,+0.3,Matches,44bfb6c5
364,Moussa Niakhate,sn SEN,DF,Nott'ham Forest,27-051,1996,7.9,0,4,2,50.0,0.50,0.25,0.00,0.00,14.4,0,0,0,0.3,0.3,0.07,-0.3,-0.3,Matches,00242715
365,Rasmus Nissen,dk DEN,DF,Leeds United,25-291,1997,16.8,2,11,4,36.4,0.66,0.24,0.18,0.50,15.2,0,0,0,0.7,0.7,0.06,+1.3,+1.3,Matches,39769cff
366,Eddie Nketiah,eng ENG,FW,Arsenal,23-333,1999,11.5,4,40,14,35.0,3.49,1.22,0.10,0.29,11.4,0,0,0,7.4,7.4,0.19,-3.4,-3.4,Matches,a53649b7
367,Matheus Nunes,pt POR,MF,Wolves,24-244,1998,23.7,1,24,7,29.2,1.01,0.30,0.04,0.14,17.8,0,0,0,2.1,2.1,0.09,-1.1,-1.1,Matches,e6af02e0
368,Darwin Núñez,uy URU,FW,Liverpool,23-308,1999,17.0,9,81,35,43.2,4.76,2.06,0.11,0.26,15.2,0,0,0,11.4,11.4,0.14,-2.4,-2.4,Matches,4d77b365
369,Ethan Nwaneri,eng ENG,FW,Arsenal,16-038,2007,0.0,0,0,0,,0.00,0.00,,,,0,0,0,0.0,0.0,,0.0,0.0,Matches,7f94982c
370,Christian Nørgaard,dk DEN,MF,Brentford,29-049,1994,19.6,1,19,8,42.1,0.97,0.41,0.05,0.13,11.4,0,0,0,1.6,1.6,0.08,-0.6,-0.6,Matches,df0a4c90
371,Lewis O'Brien,eng ENG,MF,Nott'ham Forest,24-196,1998,6.5,1,7,2,28.6,1.08,0.31,0.14,0.50,23.8,0,0,0,0.3,0.3,0.05,+0.7,+0.7,Matches,089667a5
372,Odeluga Offiah,eng ENG,DF,Brighton,20-184,2002,0.0,0,0,0,,0.00,0.00,,,,0,0,0,0.0,0.0,,0.0,0.0,Matches,65c3efa2
373,Angelo Ogbonna,it ITA,DF,West Ham,34-340,1988,8.9,0,3,0,0.0,0.34,0.00,0.00,,12.6,0,0,0,0.3,0.3,0.09,-0.3,-0.3,Matches,74b2cd7e
374,Michael Olise,fr FRA,FWMF,Crystal Palace,21-137,2001,25.6,2,40,9,22.5,1.57,0.35,0.05,0.22,21.2,6,0,0,2.5,2.5,0.06,-0.5,-0.5,Matches,c4486bac
375,Robin Olsen,se SWE,GK,Aston Villa,33-110,1990,3.1,0,0,0,,0.00,0.00,,,,0,0,0,0.0,0.0,,0.0,0.0,Matches,e7ee38c3
376,Amadou Onana,be BEL,MF,Everton,21-255,2001,25.3,1,32,6,18.8,1.26,0.24,0.03,0.17,16.7,0,0,0,2.9,2.9,0.09,-1.9,-1.9,Matches,828657ff
377,Josh Onomah,eng ENG,MF,Fulham,26-001,1997,0.2,0,0,0,,0.00,0.00,,,,0,0,0,0.0,0.0,,0.0,0.0,Matches,6612cd8c
378,Paul Onuachu,ng NGA,FW,Southampton,28-335,1994,3.7,0,7,4,57.1,1.90,1.09,0.00,0.00,14.3,0,0,0,0.4,0.4,0.06,-0.4,-0.4,Matches,c06d1086
379,Frank Onyeka,ng NGA,MF,Brentford,25-117,1998,6.8,0,5,2,40.0,0.74,0.29,0.00,0.00,11.0,0,0,0,0.8,0.8,0.17,-0.8,-0.8,Matches,2944f86f
380,Mislav Oršić,hr CRO,MF,Southampton,30-120,1992,0.1,0,0,0,,0.00,0.00,,,,0,0,0,0.0,0.0,,0.0,0.0,Matches,ee950928
381,Dango Ouattara,bf BFA,MFFW,Bournemouth,21-076,2002,9.7,1,21,5,23.8,2.16,0.51,0.05,0.20,14.4,0,0,0,2.9,2.9,0.14,-1.9,-1.9,Matches,2f9e4435
382,Alex Oxlade-Chamberlain,eng ENG,FWMF,Liverpool,29-256,1993,3.7,1,7,3,42.9,1.88,0.81,0.14,0.33,16.3,0,0,0,1.3,1.3,0.19,-0.3,-0.3,Matches,38c7feef
383,David Ozoh,,FW,Crystal Palace,17-332,2005,0.0,0,0,0,,0.00,0.00,,,,0,0,0,0.0,0.0,,0.0,0.0,Matches,d00d45ab
384,João Palhinha,pt POR,MF,Fulham,27-293,1995,28.7,3,35,8,22.9,1.22,0.28,0.09,0.38,17.5,0,0,0,2.4,2.4,0.07,+0.6,+0.6,Matches,a78ff07f
385,Cole Palmer,eng ENG,FWMF,Manchester City,20-357,2002,1.7,0,2,0,0.0,1.20,0.00,0.00,,13.8,0,0,0,0.1,0.1,0.04,-0.1,-0.1,Matches,dc7f8a28
386,Emerson Palmieri,it ITA,DF,West Ham,28-268,1994,10.9,1,8,3,37.5,0.73,0.27,0.13,0.33,13.0,0,0,0,0.7,0.7,0.09,+0.3,+0.3,Matches,e0bc6fdc
387,Lucas Paquetá,br BRA,MF,West Ham,25-244,1997,19.4,4,43,11,25.6,2.22,0.57,0.07,0.27,18.7,1,1,1,3.9,3.1,0.07,+0.1,-0.1,Matches,9b6f7fd5
388,Thomas Partey,gh GHA,MF,Arsenal,29-319,1993,25.1,3,28,4,14.3,1.12,0.16,0.11,0.75,20.4,0,0,0,2.2,2.2,0.08,+0.8,+0.8,Matches,529f49ab
389,Nathan Patterson,sct SCO,DFMF,Everton,21-194,2001,11.4,0,8,1,12.5,0.70,0.09,0.00,0.00,18.2,0,0,0,0.5,0.5,0.06,-0.5,-0.5,Matches,230f0471
390,Ben Pearson,eng ENG,MF,Bournemouth,28-114,1995,3.2,0,2,1,50.0,0.63,0.31,0.00,0.00,25.2,0,0,0,0.0,0.0,0.02,0.0,0.0,Matches,a6b461e7
391,Facundo Pellistri,uy URU,FWMF,Manchester Utd,21-129,2001,0.6,0,0,0,,0.00,0.00,,,,0,0,0,0.0,0.0,,0.0,0.0,Matches,ac7e7b1c
392,Andreas Pereira,br BRA,MF,Fulham,27-117,1996,29.3,4,61,22,36.1,2.08,0.75,0.05,0.14,21.3,12,1,1,7.3,6.5,0.11,-3.3,-3.5,Matches,6639e500
393,Ricardo Pereira,pt POR,DFMF,Leicester City,29-204,1993,4.3,1,2,1,50.0,0.47,0.23,0.50,1.00,17.8,0,0,0,0.1,0.1,0.06,+0.9,+0.9,Matches,75a72a99
394,Ayoze Pérez,es ESP,MFFW,Leicester City,29-273,1993,4.2,0,8,2,25.0,1.88,0.47,0.00,0.00,15.9,0,0,0,1.1,1.1,0.14,-1.1,-1.1,Matches,819aa8e7
395,Ivan Perišić,hr CRO,DFMF,Tottenham,34-085,1989,22.4,1,29,8,27.6,1.30,0.36,0.03,0.13,15.3,2,0,0,2.6,2.6,0.09,-1.6,-1.6,Matches,6fe90922
396,Romain Perraud,fr FRA,DF,Southampton,25-218,1997,20.4,2,30,6,20.0,1.47,0.29,0.07,0.33,22.3,0,0,0,1.3,1.3,0.04,+0.7,+0.7,Matches,6dfd8f05
397,Máximo Perrone,ar ARG,MF,Manchester City,20-111,2003,0.2,0,0,0,,0.00,0.00,,,,0,0,0,0.0,0.0,,0.0,0.0,Matches,53552942
398,Kalvin Phillips,eng ENG,MF,Manchester City,27-147,1995,1.2,0,2,0,0.0,1.65,0.00,0.00,,21.9,0,0,0,0.1,0.1,0.05,-0.1,-0.1,Matches,4f565d77
399,Nathaniel Phillips,eng ENG,DF,Liverpool,26-038,1997,0.7,0,1,0,0.0,1.36,0.00,0.00,,10.8,0,0,0,0.0,0.0,0.04,0.0,0.0,Matches,515ebe8d
400,Jordan Pickford,eng ENG,GK,Everton,29-052,1994,32.0,0,0,0,,0.00,0.00,,,,0,0,0,0.0,0.0,,0.0,0.0,Matches,4806ec67
401,Ethan Pinnock,jm JAM,DF,Brentford,29-334,1993,25.0,2,11,5,45.5,0.44,0.20,0.18,0.40,8.3,0,0,0,2.6,2.6,0.24,-0.6,-0.6,Matches,e541326e
402,Daniel Podence,pt POR,FWMF,Wolves,27-189,1995,18.1,6,39,16,41.0,2.16,0.89,0.15,0.38,16.6,0,0,0,3.5,3.5,0.09,+2.5,+2.5,Matches,7fcc71d8
403,Nick Pope,eng ENG,GK,Newcastle Utd,31-009,1992,31.2,0,0,0,,0.00,0.00,,,,0,0,0,0.0,0.0,,0.0,0.0,Matches,4b40d9ca
404,Pedro Porro,es ESP,DF,Tottenham,23-227,1999,8.5,2,17,3,17.6,1.99,0.35,0.12,0.67,18.9,1,0,0,1.3,1.3,0.08,+0.7,+0.7,Matches,27d0a506
405,Dennis Praet,be BEL,MFFW,Leicester City,28-349,1994,6.7,1,5,2,40.0,0.75,0.30,0.20,0.50,13.6,0,0,0,1.0,1.0,0.20,0.0,0.0,Matches,86695068
406,Isaac Price,nir NIR,MF,Everton,19-214,2003,0.4,0,0,0,,0.00,0.00,,,,0,0,0,0.0,0.0,,0.0,0.0,Matches,b9403c99
407,Christian Pulisic,us USA,FWDF,Chelsea,24-222,1998,8.7,1,17,5,29.4,1.95,0.57,0.06,0.20,16.4,0,0,0,1.4,1.4,0.08,-0.4,-0.4,Matches,1bf33a9a
408,Aaron Ramsdale,eng ENG,GK,Arsenal,24-349,1998,33.0,0,0,0,,0.00,0.00,,,,0,0,0,0.0,0.0,,0.0,0.0,Matches,466fb2c5
409,Jacob Ramsey,eng ENG,MFFW,Aston Villa,21-335,2001,24.3,4,26,9,34.6,1.07,0.37,0.15,0.44,17.3,0,0,0,3.2,3.2,0.12,+0.8,+0.8,Matches,1544f145
410,Marcus Rashford,eng ENG,FW,Manchester Utd,25-179,1997,27.5,16,84,39,46.4,3.05,1.42,0.19,0.41,15.7,5,0,0,12.5,12.5,0.15,+3.5,+3.5,Matches,a1d5bd30
411,David Raya,es ESP,GK,Brentford,27-225,1995,33.0,0,1,0,0.0,0.03,0.00,0.00,,9.1,0,0,0,0.1,0.1,0.11,-0.1,-0.1,Matches,98ea5115
412,Tim Ream,us USA,DF,Fulham,35-205,1987,32.0,1,3,2,66.7,0.09,0.06,0.33,0.50,9.8,0,0,0,0.3,0.3,0.09,+0.7,+0.7,Matches,28b40c9c
413,Nathan Redmond,eng ENG,DF,Southampton,29-053,1994,0.0,0,0,0,,0.00,0.00,,,,0,0,0,0.0,0.0,,0.0,0.0,Matches,ab651565
414,Harrison Reed,eng ENG,MF,Fulham,28-091,1995,27.7,3,18,6,33.3,0.65,0.22,0.17,0.50,20.9,0,0,0,1.6,1.6,0.09,+1.4,+1.4,Matches,803ae100
415,Bobby Reid,jm JAM,FWDF,Fulham,30-085,1993,26.0,4,29,10,34.5,1.12,0.38,0.14,0.40,13.2,0,0,0,3.8,3.8,0.13,+0.2,+0.2,Matches,0f7533cd
416,Declan Rice,eng ENG,MF,West Ham,24-104,1999,32.0,3,31,7,22.6,0.97,0.22,0.10,0.43,24.1,1,0,1,2.1,1.3,0.04,+0.9,+1.7,Matches,1c7012b8
417,Chris Richards,us USA,DF,Crystal Palace,23-031,2000,5.0,0,4,0,0.0,0.81,0.00,0.00,,9.1,0,0,0,0.7,0.7,0.18,-0.7,-0.7,Matches,0a3d6d2b
418,Richarlison,br BRA,MFFW,Tottenham,25-353,1997,9.3,0,21,8,38.1,2.27,0.86,0.00,0.00,13.4,0,0,0,2.4,2.4,0.12,-2.4,-2.4,Matches,fa031b34
419,Jaïro Riedewald,nl NED,DFFW,Crystal Palace,26-231,1996,0.5,0,0,0,,0.00,0.00,,,,0,0,0,0.0,0.0,,0.0,0.0,Matches,7a1f2c08
420,Matt Ritchie,sct SCO,FWMF,Newcastle Utd,33-230,1989,0.4,0,0,0,,0.00,0.00,,,,0,0,0,0.0,0.0,,0.0,0.0,Matches,71ef519e
421,Andrew Robertson,sct SCO,DF,Liverpool,29-048,1994,24.7,0,13,2,15.4,0.53,0.08,0.00,0.00,14.5,0,0,0,1.3,1.3,0.11,-1.3,-1.3,Matches,2e4f5f03
422,Antonee Robinson,us USA,DF,Fulham,25-263,1997,28.3,0,3,0,0.0,0.11,0.00,0.00,,25.7,0,0,0,0.1,0.1,0.03,-0.1,-0.1,Matches,289601e6
423,Marc Roca,es ESP,MF,Leeds United,26-153,1996,24.0,1,31,11,35.5,1.29,0.46,0.03,0.09,22.5,3,0,0,1.8,1.8,0.06,-0.8,-0.8,Matches,da27e268
424,Marek Rodák,sk SVK,GK,Fulham,26-136,1996,2.0,0,0,0,,0.00,0.00,,,,0,0,0,0.0,0.0,,0.0,0.0,Matches,17acc2ed
425,Rodri,es ESP,MF,Manchester City,26-310,1996,28.2,2,46,12,26.1,1.63,0.43,0.04,0.17,17.2,0,0,0,4.2,4.2,0.09,-2.2,-2.2,Matches,6434f10d
426,Rodrigo,es ESP,FWMF,Leeds United,32-053,1991,17.9,11,60,22,36.7,3.34,1.23,0.17,0.45,16.1,2,1,1,7.5,6.7,0.11,+3.5,+3.3,Matches,1fb1c435
427,Mads Roerslev,dk DEN,DF,Brentford,23-308,1999,12.2,0,3,0,0.0,0.25,0.00,0.00,,14.8,0,0,0,0.3,0.3,0.11,-0.3,-0.3,Matches,57c94db2
428,Cristian Romero,ar ARG,DF,Tottenham,25-001,1998,23.3,0,8,2,25.0,0.34,0.09,0.00,0.00,14.0,0,0,0,0.8,0.8,0.10,-0.8,-0.8,Matches,a3d94a58
429,Oriol Romeu,es ESP,MF,Southampton,31-216,1991,0.8,0,0,0,,0.00,0.00,,,,0,0,0,0.0,0.0,,0.0,0.0,Matches,4b511457
430,Cristiano Ronaldo,pt POR,FW,Manchester Utd,38-082,1985,5.8,1,25,6,24.0,4.29,1.03,0.04,0.17,17.7,1,0,0,1.9,1.9,0.08,-0.9,-0.9,Matches,dea698d9
431,Connor Ronan,ie IRL,MF,Wolves,25-053,1998,0.0,0,0,0,,0.00,0.00,,,,0,0,0,0.0,0.0,,0.0,0.0,Matches,1b804500
432,Salomón Rondón,ve VEN,FW,Everton,33-224,1989,1.2,0,4,1,25.0,3.30,0.83,0.00,0.00,19.3,0,0,0,0.8,0.8,0.20,-0.8,-0.8,Matches,b318a643
433,Joe Rothwell,eng ENG,MF,Bournemouth,28-107,1995,9.0,0,3,2,66.7,0.33,0.22,0.00,0.00,24.1,1,0,0,0.2,0.2,0.05,-0.2,-0.2,Matches,10a10454
434,Georginio Rutter,fr FRA,FWMF,Leeds United,21-008,2002,2.7,0,3,0,0.0,1.12,0.00,0.00,,13.8,0,0,0,0.3,0.3,0.10,-0.3,-0.3,Matches,c64c01fc
435,José Sá,pt POR,GK,Wolves,30-101,1993,33.0,0,0,0,,0.00,0.00,,,,0,0,0,0.0,0.0,,0.0,0.0,Matches,903b6e8b
436,Marcel Sabitzer,at AUT,MF,Manchester Utd,29-042,1994,5.7,0,9,3,33.3,1.59,0.53,0.00,0.00,18.6,1,0,0,0.6,0.6,0.07,-0.6,-0.6,Matches,e280527c
437,Allan Saint-Maximin,fr FRA,FW,Newcastle Utd,26-047,1997,11.1,1,25,9,36.0,2.26,0.81,0.04,0.11,17.5,0,0,0,1.5,1.5,0.06,-0.5,-0.5,Matches,2b16cb1a
438,Bukayo Saka,eng ENG,FW,Arsenal,21-235,2001,30.9,13,73,23,31.5,2.36,0.74,0.15,0.48,16.1,1,2,3,10.1,8.0,0.11,+2.9,+3.0,Matches,bc7dc64d
439,Mohamed Salah,eg EGY,FW,Liverpool,30-317,1992,30.7,16,99,40,40.4,3.23,1.30,0.16,0.40,14.9,2,0,2,16.4,14.8,0.15,-0.4,+1.2,Matches,e342ad68
440,William Saliba,fr FRA,DF,Arsenal,22-035,2001,26.8,2,6,3,50.0,0.22,0.11,0.33,0.67,13.8,0,0,0,0.9,0.9,0.15,+1.1,+1.1,Matches,972aeb2a
441,Mohammed Salisu,gh GHA,DF,Southampton,24-011,1999,21.9,0,19,4,21.1,0.87,0.18,0.00,0.00,12.2,0,0,0,1.5,1.5,0.08,-1.5,-1.5,Matches,0b33f6ad
442,Albert Sambi Lokonga,be BEL,MF,Arsenal,23-188,1999,2.2,0,0,0,,0.00,0.00,,,,0,0,0,0.0,0.0,,0.0,0.0,Matches,1b4f1169
443,Albert Sambi Lokonga,be BEL,MF,Crystal Palace,23-188,1999,6.0,0,2,1,50.0,0.34,0.17,0.00,0.00,17.9,0,0,0,0.2,0.2,0.08,-0.2,-0.2,Matches,1b4f1169
444,Davinson Sánchez,co COL,DF,Tottenham,26-320,1996,7.5,0,4,2,50.0,0.53,0.27,0.00,0.00,13.0,0,0,0,0.3,0.3,0.08,-0.3,-0.3,Matches,da7b447d
445,Robert Sánchez,es ESP,GK,Brighton,25-161,1997,23.0,0,0,0,,0.00,0.00,,,,0,0,0,0.0,0.0,,0.0,0.0,Matches,6a713852
446,Jadon Sancho,eng ENG,FWMF,Manchester Utd,23-034,2000,13.9,5,17,7,41.2,1.23,0.50,0.29,0.71,14.4,0,0,0,3.3,3.3,0.20,+1.7,+1.7,Matches,dbf053da
447,Morgan Sanson,fr FRA,MF,Aston Villa,28-253,1994,0.1,0,0,0,,0.00,0.00,,,,0,0,0,0.0,0.0,,0.0,0.0,Matches,6e7f1353
448,Pablo Sarabia,es ESP,FWMF,Wolves,30-352,1992,7.7,1,18,5,27.8,2.33,0.65,0.06,0.20,14.6,1,0,0,2.9,2.9,0.16,-1.9,-1.9,Matches,9744ff80
449,Jeremy Sarmiento,ec ECU,MF,Brighton,20-316,2002,2.0,0,5,2,40.0,2.56,1.02,0.00,0.00,20.5,0,0,0,0.3,0.3,0.07,-0.3,-0.3,Matches,ac0d576d
450,Gianluca Scamacca,it ITA,FW,West Ham,24-117,1999,10.3,3,30,10,33.3,2.92,0.97,0.10,0.30,18.7,1,0,0,2.5,2.5,0.08,+0.5,+0.5,Matches,8790f988
451,Gustavo Scarpa,br BRA,MFFW,Nott'ham Forest,29-113,1994,2.0,0,7,1,14.3,3.48,0.50,0.00,0.00,26.9,0,0,0,0.3,0.3,0.04,-0.3,-0.3,Matches,2964fd20
452,Kevin Schade,de GER,FW,Brentford,21-152,2001,5.1,0,9,2,22.2,1.78,0.40,0.00,0.00,12.3,0,0,0,1.9,1.9,0.22,-1.9,-1.9,Matches,52afb588
453,Fabian Schär,ch SUI,DF,Newcastle Utd,31-129,1991,29.6,1,44,10,22.7,1.49,0.34,0.02,0.10,13.8,2,0,0,3.8,3.8,0.09,-2.8,-2.8,Matches,c8aa95da
454,Jeffrey Schlupp,gh GHA,MFFW,Crystal Palace,30-126,1992,26.3,2,24,7,29.2,0.91,0.27,0.08,0.29,17.3,0,0,0,2.7,2.7,0.11,-0.7,-0.7,Matches,3312f911
455,Nélson Semedo,pt POR,DF,Wolves,29-163,1993,24.8,0,6,0,0.0,0.24,0.00,0.00,,20.1,0,0,0,0.3,0.3,0.05,-0.3,-0.3,Matches,d04b94db
456,Antoine Semenyo,gh GHA,FWMF,Bournemouth,23-111,2000,2.7,0,2,0,0.0,0.74,0.00,0.00,,18.1,0,0,0,0.2,0.2,0.10,-0.2,-0.2,Matches,efd2ec23
457,Marcos Senesi,ar ARG,DF,Bournemouth,25-353,1997,23.7,2,6,2,33.3,0.25,0.08,0.33,1.00,6.7,0,0,0,1.5,1.5,0.25,+0.5,+0.5,Matches,35141f4c
458,Ryan Sessegnon,eng ENG,DF,Tottenham,22-345,2000,9.0,2,18,6,33.3,1.99,0.66,0.11,0.33,14.6,0,0,0,1.6,1.6,0.09,+0.4,+0.4,Matches,6aa3e78b
459,Luke Shaw,eng ENG,DF,Manchester Utd,27-290,1995,22.9,1,11,4,36.4,0.48,0.18,0.09,0.25,18.3,1,0,0,0.9,0.9,0.08,+0.1,+0.1,Matches,9c94165b
460,Jonjo Shelvey,eng ENG,MF,Newcastle Utd,31-060,1992,0.4,0,0,0,,0.00,0.00,,,,0,0,0,0.0,0.0,,0.0,0.0,Matches,3727dd3c
461,Jonjo Shelvey,eng ENG,MF,Nott'ham Forest,31-060,1992,6.0,0,6,0,0.0,1.00,0.00,0.00,,24.4,0,0,0,0.2,0.2,0.03,-0.2,-0.2,Matches,3727dd3c
462,Bernardo Silva,pt POR,MFFW,Manchester City,28-261,1994,22.3,4,25,9,36.0,1.12,0.40,0.16,0.44,18.1,0,0,0,2.2,2.2,0.09,+1.8,+1.8,Matches,3eb22ec9
463,Thiago Silva,br BRA,DF,Chelsea,38-218,1984,21.1,0,13,2,15.4,0.62,0.09,0.00,0.00,13.5,0,0,0,1.2,1.2,0.09,-1.2,-1.2,Matches,86e7deaf
464,Ellis Simms,eng ENG,FW,Everton,22-113,2001,2.5,1,8,1,12.5,3.21,0.40,0.13,1.00,16.1,0,0,0,0.9,0.9,0.11,+0.1,+0.1,Matches,26d3b5be
465,Luis Sinisterra,co COL,FW,Leeds United,23-315,1999,9.6,5,28,11,39.3,2.91,1.14,0.18,0.45,16.2,0,0,0,3.7,3.7,0.13,+1.3,+1.3,Matches,8e16dd48
466,Oliver Skipp,eng ENG,MF,Tottenham,22-224,2000,12.0,1,7,3,42.9,0.58,0.25,0.14,0.33,23.2,0,0,0,0.3,0.3,0.04,+0.7,+0.7,Matches,6250083a
467,Adam Smith,eng ENG,DF,Bournemouth,31-364,1991,28.7,0,5,1,20.0,0.17,0.03,0.00,0.00,16.2,0,0,0,0.5,0.5,0.10,-0.5,-0.5,Matches,20b104bc
468,Emile Smith Rowe,eng ENG,MFFW,Arsenal,22-274,2000,1.6,0,4,1,25.0,2.54,0.63,0.00,0.00,15.8,0,0,0,0.3,0.3,0.07,-0.3,-0.3,Matches,17695062
469,Cédric Soares,pt POR,DF,Arsenal,31-240,1991,0.3,0,0,0,,0.00,0.00,,,,0,0,0,0.0,0.0,,0.0,0.0,Matches,839c14e1
470,Cédric Soares,pt POR,DF,Fulham,31-240,1991,1.2,0,1,0,0.0,0.83,0.00,0.00,,24.8,0,0,0,0.0,0.0,0.02,0.0,0.0,Matches,839c14e1
471,Dominic Solanke,eng ENG,FWMF,Bournemouth,25-226,1997,26.8,5,69,26,37.7,2.57,0.97,0.07,0.19,12.9,0,0,0,8.3,8.3,0.12,-3.3,-3.3,Matches,e77dc3b2
472,Manor Solomon,il ISR,FW,Fulham,23-278,1999,5.4,4,7,5,71.4,1.29,0.92,0.57,0.80,18.2,0,0,0,1.0,1.0,0.15,+3.0,+3.0,Matches,886f9aac
473,Tomáš Souček,cz CZE,MF,West Ham,28-060,1995,27.6,1,27,8,29.6,0.98,0.29,0.04,0.13,10.8,0,0,0,3.2,3.2,0.12,-2.2,-2.2,Matches,6613c819
474,Boubakary Soumaré,fr FRA,MF,Leicester City,24-060,1999,13.3,0,1,0,0.0,0.08,0.00,0.00,,28.0,0,0,0,0.0,0.0,0.03,0.0,0.0,Matches,ae59b359
475,Harry Souttar,au AUS,DF,Leicester City,24-188,1998,10.0,0,8,1,12.5,0.80,0.10,0.00,0.00,9.6,0,0,0,1.4,1.4,0.18,-1.4,-1.4,Matches,0a6cb1b1
476,Çağlar Söyüncü,tr TUR,DF,Leicester City,26-340,1996,3.9,0,4,1,25.0,1.03,0.26,0.00,0.00,9.5,0,0,0,0.3,0.3,0.08,-0.3,-0.3,Matches,21166ff4
477,Djed Spence,eng ENG,FWDF,Tottenham,22-262,2000,0.1,0,1,0,0.0,12.86,0.00,0.00,,8.9,0,0,0,0.1,0.1,0.06,-0.1,-0.1,Matches,9bc9a519
478,Jack Stacey,eng ENG,DF,Bournemouth,27-022,1996,3.3,0,1,0,0.0,0.30,0.00,0.00,,16.0,0,0,0,0.1,0.1,0.09,-0.1,-0.1,Matches,558807c0
479,Junior Stanislas,eng ENG,MF,Bournemouth,33-153,1989,0.7,0,1,0,0.0,1.48,0.00,0.00,,24.5,0,0,0,0.0,0.0,0.04,0.0,0.0,Matches,6992791d
480,Jay Stansfield,eng ENG,FW,Fulham,20-155,2002,1.0,0,2,0,0.0,2.07,0.00,0.00,,13.9,0,0,0,0.3,0.3,0.13,-0.3,-0.3,Matches,b2626673
481,Jason Steele,eng ENG,GK,Brighton,32-253,1990,7.0,0,0,0,,0.00,0.00,,,,0,0,0,0.0,0.0,,0.0,0.0,Matches,28300a16
482,Jack Stephens,eng ENG,DF,Southampton,29-091,1994,0.5,0,0,0,,0.00,0.00,,,,0,0,0,0.0,0.0,,0.0,0.0,Matches,6adbc307
483,Jack Stephens,eng ENG,DF,Bournemouth,29-091,1994,13.0,0,2,1,50.0,0.15,0.08,0.00,0.00,5.2,0,0,0,0.4,0.4,0.20,-0.4,-0.4,Matches,6adbc307
484,Raheem Sterling,eng ENG,FWMF,Chelsea,28-141,1994,17.2,4,30,11,36.7,1.75,0.64,0.13,0.36,13.0,0,0,0,4.6,4.6,0.16,-0.6,-0.6,Matches,b400bde0
485,John Stones,eng ENG,DFMF,Manchester City,28-335,1994,17.2,2,9,3,33.3,0.52,0.17,0.22,0.67,13.3,0,0,0,0.8,0.8,0.09,+1.2,+1.2,Matches,5eecec3d
486,Pascal Struijk,nl NED,DF,Leeds United,23-260,1999,22.7,2,14,7,50.0,0.62,0.31,0.14,0.29,12.6,0,0,0,1.3,1.3,0.09,+0.7,+0.7,Matches,f4d296e4
487,Kamaldeen Sulemana,gh GHA,FWMF,Southampton,21-072,2002,8.1,0,18,3,16.7,2.21,0.37,0.00,0.00,19.1,0,0,0,1.0,1.0,0.06,-1.0,-1.0,Matches,a62f8bf1
488,Crysencio Summerville,nl NED,FW,Leeds United,21-180,2001,14.2,4,25,9,36.0,1.76,0.63,0.16,0.44,15.0,0,0,0,2.6,2.6,0.10,+1.4,+1.4,Matches,df04eb4b
489,Sam Surridge,eng ENG,FW,Nott'ham Forest,24-274,1998,3.5,1,9,2,22.2,2.60,0.58,0.11,0.50,11.6,0,0,0,1.8,1.8,0.20,-0.8,-0.8,Matches,b017b770
490,Japhet Tanganga,eng ENG,DF,Tottenham,24-028,1999,1.6,0,0,0,,0.00,0.00,,,,0,0,0,0.0,0.0,,0.0,0.0,Matches,e9971f2d
491,Matt Targett,eng ENG,DF,Newcastle Utd,27-222,1995,5.8,0,1,0,0.0,0.17,0.00,0.00,,25.8,0,0,0,0.0,0.0,0.01,0.0,0.0,Matches,e514ab62
492,James Tarkowski,eng ENG,DF,Everton,30-160,1992,33.0,1,25,7,28.0,0.76,0.21,0.04,0.14,9.1,0,0,0,2.5,2.5,0.10,-1.5,-1.5,Matches,15ea812b
493,Marcus Tavernier,eng ENG,MFFW,Bournemouth,24-037,1999,19.4,5,37,14,37.8,1.91,0.72,0.14,0.36,17.3,2,0,0,3.1,3.1,0.08,+1.9,+1.9,Matches,5c0da4a4
494,Tetê,br BRA,FW,Leicester City,23-072,2000,7.3,1,14,1,7.1,1.91,0.14,0.07,1.00,20.1,0,0,0,1.7,1.7,0.12,-0.7,-0.7,Matches,7120a04d
495,Kenny Tete,nl NED,DF,Fulham,27-201,1995,23.5,0,10,3,30.0,0.42,0.13,0.00,0.00,19.5,0,0,0,0.4,0.4,0.04,-0.4,-0.4,Matches,77d7c96f
496,Luke Thomas,eng ENG,DF,Leicester City,21-322,2001,8.5,0,2,0,0.0,0.23,0.00,0.00,,11.5,0,0,0,0.1,0.1,0.03,-0.1,-0.1,Matches,fc027d02
497,Youri Tielemans,be BEL,MF,Leicester City,25-356,1997,21.4,3,24,7,29.2,1.12,0.33,0.08,0.29,27.6,1,1,2,2.4,0.8,0.03,+0.6,+1.2,Matches,56f7a928
498,Kieran Tierney,sct SCO,DF,Arsenal,25-327,1997,6.9,0,6,2,33.3,0.87,0.29,0.00,0.00,24.5,0,0,0,0.3,0.3,0.05,-0.3,-0.3,Matches,fce2302c
499,Harry Toffolo,eng ENG,DF,Nott'ham Forest,27-252,1995,9.8,0,6,2,33.3,0.61,0.20,0.00,0.00,17.6,0,0,0,0.3,0.3,0.05,-0.3,-0.3,Matches,a105d46a
500,Takehiro Tomiyasu,jp JPN,DF,Arsenal,24-174,1998,7.4,0,3,0,0.0,0.41,0.00,0.00,,12.1,0,0,0,0.2,0.2,0.07,-0.2,-0.2,Matches,b3af9be1
501,James Tomkins,eng ENG,DF,Crystal Palace,34-030,1989,3.8,1,3,2,66.7,0.80,0.53,0.33,0.50,12.7,0,0,0,1.0,1.0,0.34,0.0,0.0,Matches,e7ca0439
502,Ivan Toney,eng ENG,FW,Brentford,27-043,1996,30.8,19,85,32,37.6,2.76,1.04,0.15,0.41,16.3,7,6,7,18.6,13.1,0.16,+0.4,-0.1,Matches,e09f279b
503,Adama Traoré,es ESP,FWMF,Wolves,27-093,1996,14.3,2,17,6,35.3,1.19,0.42,0.12,0.33,14.7,0,0,0,1.2,1.2,0.07,+0.8,+0.8,Matches,9a28eba4
504,Bertrand Traoré,bf BFA,FW,Aston Villa,27-234,1995,1.8,2,7,2,28.6,3.91,1.12,0.29,1.00,16.4,0,0,0,0.6,0.6,0.09,+1.4,+1.4,Matches,c47541e0
505,Boubacar Traoré,ml MLI,MF,Wolves,21-251,2001,4.3,0,3,0,0.0,0.70,0.00,0.00,,29.3,0,0,0,0.1,0.1,0.02,-0.1,-0.1,Matches,999ceb5f
506,Mark Travers,ie IRL,GK,Bournemouth,23-345,1999,10.5,0,0,0,,0.00,0.00,,,,0,0,0,0.0,0.0,,0.0,0.0,Matches,fe558029
507,Kieran Trippier,eng ENG,DF,Newcastle Utd,32-221,1990,31.1,1,12,4,33.3,0.39,0.13,0.08,0.25,28.2,11,0,0,0.7,0.7,0.06,+0.3,+0.3,Matches,21512407
508,Leandro Trossard,be BEL,FW,Arsenal,28-145,1994,7.1,1,11,3,27.3,1.54,0.42,0.09,0.33,17.1,0,0,0,1.4,1.4,0.13,-0.4,-0.4,Matches,38ceb24a
509,Leandro Trossard,be BEL,FWMF,Brighton,28-145,1994,14.6,7,38,17,44.7,2.60,1.16,0.18,0.41,15.0,0,0,0,4.4,4.4,0.12,+2.6,+2.6,Matches,38ceb24a
510,Kostas Tsimikas,gr GRE,DF,Liverpool,26-351,1996,6.9,0,7,2,28.6,1.01,0.29,0.00,0.00,15.5,0,0,0,0.6,0.6,0.09,-0.6,-0.6,Matches,f315ca93
511,Deniz Undav,de GER,FWMF,Brighton,26-283,1996,3.0,0,14,4,28.6,4.60,1.31,0.00,0.00,10.1,0,0,0,2.2,2.2,0.18,-2.2,-2.2,Matches,dd549382
512,Yan Valery,tn TUN,DF,Southampton,24-065,1999,0.5,0,0,0,,0.00,0.00,,,,0,0,0,0.0,0.0,,0.0,0.0,Matches,531a4aa8
513,Virgil van Dijk,nl NED,DF,Liverpool,31-294,1991,26.5,3,27,9,33.3,1.02,0.34,0.11,0.33,11.4,0,0,0,2.4,2.4,0.09,+0.6,+0.6,Matches,e06683ca
514,Raphaël Varane,fr FRA,DF,Manchester Utd,30-003,1993,18.3,0,6,3,50.0,0.33,0.16,0.00,0.00,8.6,0,0,0,0.7,0.7,0.12,-0.7,-0.7,Matches,9f8e9423
515,Jamie Vardy,eng ENG,FW,Leicester City,36-107,1987,17.0,2,20,8,40.0,1.18,0.47,0.10,0.25,11.9,0,0,0,3.2,3.2,0.16,-1.2,-1.2,Matches,45963054
516,Joël Veltman,nl NED,DF,Brighton,31-103,1992,22.1,1,14,4,28.6,0.63,0.18,0.07,0.25,16.7,0,0,0,1.7,1.7,0.12,-0.7,-0.7,Matches,dad4b285
517,Fabio Vieira,pt POR,MF,Arsenal,22-333,2000,5.3,1,15,2,13.3,2.83,0.38,0.07,0.50,20.1,0,0,0,0.8,0.8,0.06,+0.2,+0.2,Matches,6412cc03
518,Matías Viña,uy URU,DFMF,Bournemouth,25-170,1997,2.1,1,3,1,33.3,1.44,0.48,0.33,1.00,20.9,0,0,0,0.5,0.5,0.15,+0.5,+0.5,Matches,08eb3b58
519,Rúben Vinagre,pt POR,DFMF,Everton,24-019,1999,0.3,0,0,0,,0.00,0.00,,,,0,0,0,0.0,0.0,,0.0,0.0,Matches,b937e490
520,Carlos Vinícius,br BRA,FW,Fulham,28-034,1995,8.6,2,14,7,50.0,1.62,0.81,0.14,0.29,11.3,0,0,0,1.7,1.7,0.12,+0.3,+0.3,Matches,8b529245
521,Theo Walcott,eng ENG,FWMF,Southampton,34-043,1989,9.1,2,17,7,41.2,1.88,0.77,0.12,0.29,17.6,0,0,0,2.0,2.0,0.12,0.0,0.0,Matches,1ecb65be
522,Kyle Walker,eng ENG,DF,Manchester City,32-335,1990,15.3,0,3,1,33.3,0.20,0.07,0.00,0.00,24.7,0,0,0,0.4,0.4,0.12,-0.4,-0.4,Matches,86dd77d1
523,Kyle Walker-Peters,eng ENG,DF,Southampton,26-015,1997,24.4,1,10,3,30.0,0.41,0.12,0.10,0.33,17.5,0,0,0,0.8,0.8,0.08,+0.2,+0.2,Matches,984a5a64
524,Aaron Wan-Bissaka,eng ENG,DF,Manchester Utd,25-153,1997,11.0,0,7,2,28.6,0.64,0.18,0.00,0.00,16.4,0,0,0,0.9,0.9,0.13,-0.9,-0.9,Matches,9e525177
525,Danny Ward,wls WAL,GK,Leicester City,29-310,1993,26.0,0,0,0,,0.00,0.00,,,,0,0,0,0.0,0.0,,0.0,0.0,Matches,d3ce0e89
526,Joel Ward,eng ENG,DF,Crystal Palace,33-181,1989,20.1,0,4,0,0.0,0.20,0.00,0.00,,19.5,0,0,0,0.1,0.1,0.03,-0.1,-0.1,Matches,8a7ff278
527,James Ward-Prowse,eng ENG,MF,Southampton,28-178,1994,32.5,7,36,13,36.1,1.11,0.40,0.17,0.46,27.4,15,1,3,4.8,2.3,0.06,+2.2,+3.7,Matches,3515d404
528,Ollie Watkins,eng ENG,FW,Aston Villa,27-119,1995,29.8,14,78,42,53.8,2.62,1.41,0.17,0.31,12.6,0,1,1,13.7,12.9,0.17,+0.3,+0.1,Matches,aed3a70f
529,Adam Webster,eng ENG,DF,Brighton,28-114,1995,18.8,0,16,1,6.3,0.85,0.05,0.00,0.00,11.4,0,0,0,1.6,1.6,0.10,-1.6,-1.6,Matches,c40b6180
530,Wout Weghorst,nl NED,FWMF,Manchester Utd,30-264,1992,7.4,0,10,3,30.0,1.36,0.41,0.00,0.00,12.2,0,0,0,1.3,1.3,0.13,-1.3,-1.3,Matches,c4e87b8b
531,Danny Welbeck,eng ENG,FW,Brighton,32-153,1990,16.6,4,48,18,37.5,2.89,1.09,0.08,0.22,13.7,0,0,0,7.9,7.9,0.16,-3.9,-3.9,Matches,ce5143da
532,Ben White,eng ENG,DF,Arsenal,25-202,1997,28.9,2,10,2,20.0,0.35,0.07,0.20,1.00,16.7,0,0,0,1.3,1.3,0.13,+0.7,+0.7,Matches,35e413f1
533,Harvey White,eng ENG,MF,Tottenham,21-221,2001,0.1,0,0,0,,0.00,0.00,,,,0,0,0,0.0,0.0,,0.0,0.0,Matches,4d90ce8c
534,Joseph Whitworth,eng ENG,GK,Crystal Palace,19-058,2004,2.0,0,0,0,,0.00,0.00,,,,0,0,0,0.0,0.0,,0.0,0.0,Matches,3f847d95
535,Neco Williams,wls WAL,DF,Nott'ham Forest,22-015,2001,20.9,1,25,7,28.0,1.20,0.33,0.04,0.14,21.2,2,0,0,1.3,1.3,0.05,-0.3,-0.3,Matches,dd323728
536,Willian,br BRA,FW,Fulham,34-262,1988,19.0,3,33,13,39.4,1.74,0.68,0.09,0.23,17.5,1,0,0,2.9,2.9,0.09,+0.1,+0.1,Matches,8b9ebd03
537,Joe Willock,eng ENG,MF,Newcastle Utd,23-251,1999,25.0,3,49,14,28.6,1.96,0.56,0.06,0.21,16.9,0,0,0,6.4,6.4,0.13,-3.4,-3.4,Matches,a3b03921
538,Callum Wilson,eng ENG,FW,Newcastle Utd,31-060,1992,16.7,13,53,25,47.2,3.17,1.50,0.23,0.48,12.8,0,1,1,11.1,10.4,0.20,+1.9,+1.6,Matches,c596fcb0
539,Harry Wilson,wls WAL,FW,Fulham,26-037,1997,7.3,2,15,4,26.7,2.07,0.55,0.13,0.50,16.0,0,0,0,1.8,1.8,0.12,+0.2,+0.2,Matches,c6dc9ecd
540,Yoane Wissa,cd COD,FW,Brentford,26-237,1996,14.7,5,25,11,44.0,1.70,0.75,0.20,0.45,14.9,0,0,0,3.9,3.9,0.16,+1.1,+1.1,Matches,2500cef9
541,Maximilian Wöber,at AUT,DF,Leeds United,25-083,1998,9.8,0,7,1,14.3,0.72,0.10,0.00,0.00,14.0,1,0,0,0.6,0.6,0.08,-0.6,-0.6,Matches,4b803b3c
542,Chris Wood,nz NZL,FW,Newcastle Utd,31-142,1991,5.0,2,8,3,37.5,1.61,0.61,0.13,0.33,14.7,0,1,1,1.8,1.0,0.13,+0.2,0.0,Matches,4e9a0555
543,Chris Wood,nz NZL,FW,Nott'ham Forest,31-142,1991,4.1,1,3,1,33.3,0.73,0.24,0.33,1.00,8.2,0,0,0,1.0,1.0,0.32,0.0,0.0,Matches,4e9a0555
544,Joe Worrall,eng ENG,DF,Nott'ham Forest,26-108,1997,20.4,1,5,1,20.0,0.24,0.05,0.20,1.00,12.7,0,0,0,0.5,0.5,0.11,+0.5,+0.5,Matches,a5212312
545,Granit Xhaka,ch SUI,MF,Arsenal,30-213,1992,29.1,5,32,9,28.1,1.10,0.31,0.16,0.56,17.9,3,0,0,3.0,3.0,0.09,+2.0,+2.0,Matches,e61b8aee
546,Ryan Yates,eng ENG,MF,Nott'ham Forest,25-158,1997,16.6,0,25,5,20.0,1.51,0.30,0.00,0.00,16.9,0,0,0,2.2,2.2,0.09,-2.2,-2.2,Matches,c1fe2a48
547,Ashley Young,eng ENG,DF,Aston Villa,37-293,1985,19.8,1,12,3,25.0,0.61,0.15,0.08,0.33,26.8,0,0,0,0.3,0.3,0.03,+0.7,+0.7,Matches,be927d03
548,Illia Zabarnyi,ua UKR,DF,Bournemouth,20-239,2002,0.3,0,0,0,,0.00,0.00,,,,0,0,0,0.0,0.0,,0.0,0.0,Matches,88968486
549,Wilfried Zaha,ci CIV,FWMF,Crystal Palace,30-169,1992,22.9,6,56,20,35.7,2.44,0.87,0.11,0.30,17.1,0,0,2,5.9,4.2,0.08,+0.1,+1.8,Matches,b2bc3b1f
550,Denis Zakaria,ch SUI,MF,Chelsea,26-159,1996,4.6,0,2,0,0.0,0.44,0.00,0.00,,16.9,0,0,0,0.2,0.2,0.09,-0.2,-0.2,Matches,384d58d9
551,Jordan Zemura,zw ZIM,DF,Bournemouth,23-165,1999,16.2,0,4,0,0.0,0.25,0.00,0.00,,12.9,0,0,0,0.4,0.4,0.10,-0.4,-0.4,Matches,e8271ad9
552,Oleksandr Zinchenko,ua UKR,DF,Arsenal,26-134,1996,22.1,1,28,7,25.0,1.27,0.32,0.04,0.14,22.7,0,0,0,1.4,1.4,0.05,-0.4,-0.4,Matches,51cf8561
553,Hakim Ziyech,ma MAR,FWMF,Chelsea,30-040,1993,6.7,0,13,2,15.4,1.93,0.30,0.00,0.00,21.0,0,0,0,0.6,0.6,0.04,-0.6,-0.6,Matches,6622454d
554,Kurt Zouma,fr FRA,DF,West Ham,28-183,1994,21.4,2,19,5,26.3,0.89,0.23,0.11,0.40,10.1,0,0,0,2.2,2.2,0.12,-0.2,-0.2,Matches,ce4246f5
555,Martin Ødegaard,no NOR,MF,Arsenal,24-132,1998,30.2,12,83,25,30.1,2.75,0.83,0.14,0.48,19.1,8,0,0,8.9,8.9,0.11,+3.1,+3.1,Matches,79300479